step,horizon,training_episode_steps,window_start_mean,returns_mean,returns_std,persistent_episode_training,persistent_episode_step,segment_start,segment_end,episode_reset_count,episode_length_mean,episode_length_std,num_terminated,share_terminated,critic_loss_raw,critic_loss_weight,critic_loss_scaled,critic_output_mean,critic_target_mean,critic_error_mean,critic_error_norm,grad_norm,position_cost,orientation_cost,linear_velocity_cost,angular_velocity_cost,action_cost,weighted_cost,reward,finite,action_saturation_rate,action_abs_mean,action_abs_max,action_delta_mean,action_delta_max,hover_relative_action_mean,hover_relative_action_max,action_gradient_norm,raw_action_gradient_norm_pre_clip,raw_action_gradient_norm_post_clip,actor_gradient_norm_pre_clip,actor_update_norm
0,16,500,244.034,-8.45274,5.7746,1,0,0,16,0,16,0,0,0,0.0821919,0.1,0.00821919,0.0382111,-1.00098e-10,0.0382111,146.786,0.0110525,1.87079,5.13829,1.05378,0.388889,0.00098431,8.45274,-8.45274,true,0,0.100217,0.490656,0.0283866,0.863279,0.258234,1.0195,155.888,9.51467e-06,9.51467e-06,0.0110525,0.00342882
1,16,500,244.034,-10.8368,7.74411,1,16,16,32,0,16,0,0,0,0.590321,0.1,0.0590321,0.440668,-2.57888e-12,0.440668,393.382,0.218863,2.65983,4.75471,3.23076,0.191324,0.00019175,10.8368,-10.8368,true,0,0.0805522,0.31733,0.00458511,0.0325014,0.22974,0.793673,184.204,1.12429e-05,1.12429e-05,0.218863,0.00806546
2,16,500,244.034,-17.844,13.8886,1,32,32,48,0,16,0,0,0,0.336749,0.1,0.0336749,0.224161,-4.41089e-12,0.224161,297.114,0.177455,5.9173,4.26524,7.51526,0.146001,0.000176637,17.844,-17.844,true,0,0.0757834,0.326448,0.00325265,0.0221328,0.196141,0.755371,151.393,9.2403e-06,9.2403e-06,0.177455,0.00977829
3,16,500,244.034,-31.9883,26.9788,1,48,48,64,0,16,0,0,0,0.326061,0.1,0.0326061,0.109069,-1.34147e-10,0.109069,292.361,0.170624,14.8157,3.7804,13.2771,0.114869,0.00027256,31.9883,-31.9883,true,0,0.0980855,0.396136,0.0026176,0.0148658,0.16166,0.677851,189.802,1.15846e-05,1.15846e-05,0.170624,0.0111827
4,16,500,244.034,-56.8671,50.4046,1,64,64,80,0,16,0,0,0,0.290169,0.1,0.0290169,-0.0198626,1.42904e-10,-0.0198626,275.801,0.193091,33.5081,3.33265,19.9279,0.0978984,0.000435356,56.8671,-56.8671,true,0,0.125188,0.439455,0.00229854,0.0108588,0.129929,0.632685,185.544,1.13247e-05,1.13247e-05,0.193091,0.0112258
5,16,500,244.034,-96.6544,88.4878,1,80,80,96,0,16,0,0,0,0.294615,0.1,0.0294615,-0.206188,-4.05976e-11,-0.206188,277.906,0.343859,66.6401,2.90726,27.0091,0.0972963,0.000662766,96.6544,-96.6544,true,0,0.154323,0.516106,0.00213566,0.015665,0.105211,0.695799,182.493,1.11385e-05,1.11385e-05,0.343859,0.0106626
6,16,500,244.034,-155.777,146.419,1,96,96,112,0,16,0,0,0,0.375633,0.1,0.0375633,-0.406959,6.03901e-11,-0.406959,313.799,0.542832,118.983,2.48514,34.1969,0.111439,0.000926802,155.777,-155.777,true,0,0.181547,0.580864,0.00199095,0.0169701,0.102773,0.804479,195.774,1.19491e-05,1.19491e-05,0.542832,0.0115211
7,16,500,244.034,-238.613,229.906,1,112,112,128,0,16,0,0,0,0.53397,0.1,0.053397,-0.615195,-6.21155e-11,-0.615195,374.135,0.731379,195.168,2.06087,41.252,0.13066,0.00120458,238.613,-238.613,true,0,0.206157,0.646687,0.00180043,0.0146199,0.112198,0.89045,205.346,1.25333e-05,1.25333e-05,0.731379,0.0129596
8,16,500,244.034,-349.166,344.68,1,128,128,144,0,16,0,0,0,0.749494,0.1,0.0749494,-0.81623,2.89407e-12,-0.81623,443.255,0.88459,299.439,1.65701,47.9332,0.135222,0.00148121,349.166,-349.166,true,0,0.228379,0.697964,0.00164279,0.0162765,0.120921,0.945965,221.992,1.35493e-05,1.35493e-05,0.88459,0.0143253
9,16,500,244.034,-490.877,496.133,1,144,144,160,0,16,0,0,0,0.996948,0.1,0.0996948,-1.00193,-7.52554e-11,-1.00193,511.218,1.00394,435.41,1.30956,54.0351,0.121325,0.00174868,490.877,-490.877,true,0,0.248535,0.771001,0.00153371,0.0173533,0.126215,0.976366,259.005,1.58084e-05,1.58084e-05,1.00394,0.0154949
10,16,500,244.034,-666.542,689.081,1,160,160,176,0,16,0,0,0,1.25053,0.1,0.125053,-1.16555,1.19033e-10,-1.16555,572.554,1.10459,605.953,1.03533,59.4479,0.102363,0.00200048,666.542,-666.542,true,0,0.266719,0.887125,0.00142837,0.015956,0.128287,0.974461,279.136,1.70371e-05,1.70371e-05,1.10459,0.0165194
11,16,500,244.034,-878.222,927.497,1,176,176,192,0,16,0,0,0,1.49099,0.1,0.149099,-1.30412,9.86317e-11,-1.30412,625.184,1.20122,813.196,0.820564,64.1086,0.0930391,0.00223361,878.222,-878.222,true,4.76837e-05,0.282907,0.991917,0.00140489,0.022551,0.1283,0.977314,282.326,1.72318e-05,1.72318e-05,1.20122,0.0173328
12,16,500,244.034,-1127.06,1214.07,1,192,192,208,0,16,0,0,0,1.70812,0.1,0.170812,-1.4183,6.01531e-11,-1.4183,669.158,1.29506,1058.41,0.647551,67.8965,0.0954415,0.00244901,1127.06,-1127.06,true,0.000360489,0.297205,1,0.00143586,0.023286,0.12711,0.950466,288.735,1.76226e-05,1.76226e-05,1.29506,0.0179166
13,16,500,244.034,-1413.05,1549.76,1,208,208,224,0,16,0,0,0,1.89723,0.1,0.189723,-1.51051,-1.62612e-10,-1.51051,705.229,1.39498,1341.8,0.516099,70.6404,0.0896593,0.00264792,1413.05,-1413.05,true,0.00119019,0.309611,1,0.00148733,0.0244188,0.125128,0.880855,294.652,1.79819e-05,1.79819e-05,1.39498,0.0183444
14,16,500,244.034,-1735.11,1933.77,1,224,224,240,0,16,0,0,0,2.05831,0.1,0.205831,-1.58344,-1.87811e-10,-1.58344,734.557,1.50035,1662.36,0.428986,72.2337,0.083631,0.00283456,1735.11,-1735.11,true,0.00303459,0.320194,1,0.00158759,0.0249043,0.123206,0.793692,289.783,1.76771e-05,1.76771e-05,1.50035,0.0186073
15,16,500,244.034,-2090.97,2363.63,1,240,240,256,0,16,0,0,0,2.18991,0.1,0.218991,-1.63826,6.68984e-12,-1.63826,757.674,1.60372,2017.9,0.382204,72.604,0.0858111,0.00301289,2090.97,-2090.97,true,0.00621986,0.32911,1,0.00164733,0.028011,0.121757,0.755705,272.483,1.65954e-05,1.65954e-05,1.60372,0.0187421
16,16,500,244.034,-2477.01,2835.2,1,256,256,272,0,16,0,0,0,2.29283,0.1,0.229283,-1.67746,7.05304e-11,-1.67746,775.275,1.70289,2404.89,0.374486,71.6723,0.0755147,0.00318727,2477.01,-2477.01,true,0.0105648,0.336449,1,0.00171166,0.0273169,0.121974,0.814764,278.139,1.68947e-05,1.68947e-05,1.70289,0.0187964
17,16,500,244.034,-2888.5,3343.17,1,272,272,288,0,16,0,0,0,2.3688,0.1,0.23688,-1.70315,7.46395e-12,-1.70315,788.014,1.79039,2818.53,0.393482,69.5158,0.0559161,0.00335771,2888.5,-2888.5,true,0.0156155,0.342275,1,0.00175384,0.029525,0.124371,0.95018,304.55,1.84399e-05,1.84399e-05,1.79039,0.0187592
18,16,500,244.034,-3320.11,3882.12,1,288,288,304,0,16,0,0,0,2.4159,0.1,0.24159,-1.71554,-6.55123e-11,-1.71554,795.811,1.86299,3253.27,0.427065,66.37,0.0486563,0.00352114,3320.11,-3320.11,true,0.0216503,0.346575,1,0.0017583,0.0305763,0.127991,1.12843,289.108,1.74208e-05,1.74208e-05,1.86299,0.0186413
19,16,500,244.034,-3765.95,4446.62,1,304,304,320,0,16,0,0,0,2.43489,0.1,0.243489,-1.71601,-3.5253e-11,-1.71601,798.931,1.91995,3703.02,0.481733,62.4012,0.0510412,0.00367329,3765.95,-3765.95,true,0.0293865,0.349403,1,0.00173828,0.0357364,0.131542,1.30939,281.17,1.68469e-05,1.68469e-05,1.91995,0.0184596
20,16,500,244.034,-4219.31,5030.99,1,320,320,336,0,16,0,0,0,2.42789,0.1,0.242789,-1.706,7.21508e-11,-1.706,797.783,1.9612,4160.99,0.55611,57.7107,0.0477617,0.00380499,4219.31,-4219.31,true,0.0375404,0.350662,1,0.00169444,0.0348845,0.13569,1.30939,289.948,1.71688e-05,1.71688e-05,1.9612,0.0182257
21,16,500,244.034,-4672.96,5629.51,1,336,336,352,0,16,0,0,0,2.39634,0.1,0.239634,-1.68604,-1.54184e-10,-1.68604,792.581,1.98626,4619.8,0.639588,52.4808,0.042555,0.00390623,4672.96,-4672.96,true,0.0460854,0.350342,1,0.00166911,0.0423466,0.141495,1.30939,291.017,1.71539e-05,1.71539e-05,1.98626,0.0179474
22,16,500,244.034,-5119.55,6236.65,1,352,352,368,0,16,0,0,0,2.34274,0.1,0.234274,-1.65703,-2.56032e-11,-1.65703,783.668,1.9955,5071.85,0.729506,46.9371,0.0369314,0.00397086,5119.55,-5119.55,true,0.0532856,0.348511,1,0.00164782,0.049621,0.148447,1.30939,295.806,1.73863e-05,1.73863e-05,1.9955,0.0176379
23,16,500,244.034,-5551.8,6847.09,1,368,368,384,0,16,0,0,0,2.27111,0.1,0.227111,-1.62025,-1.02413e-10,-1.62025,771.595,1.98916,5509.63,0.81835,41.3105,0.0305333,0.00399445,5551.8,-5551.8,true,0.059618,0.345386,1,0.00165198,0.0613187,0.155673,1.30939,307.033,1.80531e-05,1.80531e-05,1.98916,0.0173108
24,16,500,244.034,-5962.83,7455.71,1,384,384,400,0,16,0,0,0,2.18529,0.1,0.218529,-1.57683,-1.18792e-10,-1.57683,756.876,1.9679,5926.07,0.900899,35.8356,0.026011,0.00397974,5962.83,-5962.83,true,0.0610256,0.341333,1,0.00168741,0.0726181,0.161788,1.30939,312.209,1.83691e-05,1.83691e-05,1.9679,0.016977
25,16,500,244.034,-6346.39,8057.62,1,400,400,416,0,16,0,0,0,2.08815,0.1,0.208815,-1.5274,-2.30039e-11,-1.5274,739.862,1.93203,6314.67,0.980422,30.7044,0.0247258,0.00392767,6346.39,-6346.39,true,0.0611286,0.33648,1,0.00175208,0.0811777,0.165697,1.30939,317.657,1.87094e-05,1.87094e-05,1.93203,0.0166454
26,16,500,244.034,-6696.81,8647.91,1,416,416,432,0,16,0,0,0,1.98194,0.1,0.198194,-1.47223,4.63881e-11,-1.47223,720.8,1.88073,6669.66,1.06004,26.0564,0.0250779,0.00384092,6696.81,-6696.81,true,0.058321,0.330877,1,0.00183487,0.0897065,0.167091,1.30939,327.42,1.9341e-05,1.9341e-05,1.88073,0.0163192
27,16,500,244.034,-7009.13,9221.59,1,432,432,448,0,16,0,0,0,1.86881,0.1,0.186881,-1.4117,6.79955e-11,-1.4117,699.926,1.81492,6985.96,1.13174,22.0074,0.0232259,0.00371917,7009.13,-7009.13,true,0.053648,0.324438,1,0.00191386,0.0998248,0.165842,1.30939,340.665,2.01873e-05,2.01873e-05,1.81492,0.0159998
28,16,500,244.034,-7279.35,9773.88,1,448,448,464,0,16,0,0,0,1.75074,0.1,0.175074,-1.34614,-2.79659e-11,-1.34614,677.456,1.73442,7259.48,1.18107,18.6707,0.021047,0.00356244,7279.35,-7279.35,true,0.0472469,0.316969,1,0.00199933,0.107808,0.161852,1.30939,352.641,2.09456e-05,2.09456e-05,1.73442,0.0156846
29,16,500,244.034,-7504.74,10300.4,1,464,464,480,0,16,0,0,0,1.62983,0.1,0.162983,-1.2759,4.57556e-11,-1.2759,653.643,1.6385,7487.41,1.20806,16.1219,0.0209394,0.00337287,7504.74,-7504.74,true,0.0409565,0.308348,1,0.00208163,0.11721,0.155118,1.30939,350.893,2.08231e-05,2.08231e-05,1.6385,0.0153713
30,16,500,244.034,-7683.72,10797.2,1,480,480,496,0,16,0,0,0,1.50996,0.1,0.150996,-1.20222,5.23982e-12,-1.20222,629.148,1.52912,7668.11,1.22429,14.3675,0.0246681,0.00315606,7683.72,-7683.72,true,0.0349197,0.298592,1,0.00217272,0.0973144,0.145982,1.30939,339.68,2.00034e-05,2.00034e-05,1.52912,0.0150454
31,16,500,244.034,-7815.58,11261.2,1,496,496,512,0,16,0,0,0,1.39501,0.1,0.139501,-1.12661,-4.78779e-11,-1.12661,604.726,1.41215,7800.96,1.24179,13.3552,0.0324289,0.00292268,7815.58,-7815.58,true,0.0291309,0.288232,1,0.00225363,0.104159,0.134942,1.30939,333.873,1.95988e-05,1.95988e-05,1.41215,0.0147041
32,16,500,244.572,-8.5005,5.76958,1,0,0,16,1,16,0,0,0,0.37618,0.1,0.037618,0.686636,5.27725e-11,0.686636,314.027,0.283035,1.90874,5.13922,1.04624,0.405683,0.000607836,8.5005,-8.5005,true,0,0.0809374,0.403452,0.0206228,0.76705,0.197151,0.92252,245.305,1.49722e-05,1.49722e-05,0.283035,0.0129958
33,16,500,244.572,-10.5207,7.79352,1,16,16,32,1,16,0,0,0,0.898525,0.1,0.0898525,0.980316,-2.13461e-11,0.980316,485.328,0.461049,2.65289,4.67958,2.93954,0.248461,0.000182085,10.5207,-10.5207,true,0,0.0803825,0.321181,0.00261467,0.0253369,0.181038,0.757616,209.315,1.27756e-05,1.27756e-05,0.461049,0.0116022
34,16,500,244.572,-16.4399,13.6792,1,32,32,48,1,16,0,0,0,0.798378,0.1,0.0798378,0.908186,7.565e-11,0.908186,457.482,0.443632,5.58785,4.07448,6.56257,0.214747,0.000223805,16.4399,-16.4399,true,0,0.0856677,0.392372,0.00246574,0.0141859,0.155569,0.68566,212.586,1.29752e-05,1.29752e-05,0.443632,0.0106336
35,16,500,244.572,-28.4797,26.0653,1,48,48,64,1,16,0,0,0,0.775418,0.1,0.0775418,0.877368,1.01265e-10,0.877368,450.856,0.443435,13.391,3.4436,11.4325,0.212276,0.000340678,28.4797,-28.4797,true,0,0.10413,0.490673,0.00230314,0.0112112,0.129613,0.5995,242.847,1.48222e-05,1.48222e-05,0.443435,0.00997823
36,16,500,244.572,-49.5539,48.1269,1,64,64,80,1,16,0,0,0,0.738701,0.1,0.0738701,0.843461,1.38426e-11,0.843461,440.052,0.433867,29.5231,2.8368,16.979,0.21445,0.000507671,49.5539,-49.5539,true,0,0.128196,0.600112,0.00218745,0.0122722,0.103588,0.522404,255.647,1.56034e-05,1.56034e-05,0.433867,0.00957194
37,16,500,244.572,-82.8311,83.4872,1,80,80,96,1,16,0,0,0,0.690145,0.1,0.0690145,0.802365,1.8034e-10,0.802365,425.344,0.420501,57.7022,2.28774,22.6298,0.210671,0.000708749,82.8311,-82.8311,true,0,0.153021,0.720792,0.00206164,0.0133894,0.0835755,0.53302,245.897,1.50083e-05,1.50083e-05,0.420501,0.00935979
38,16,500,244.572,-131.34,135.834,1,96,96,112,1,16,0,0,0,0.62808,0.1,0.062808,0.749692,-2.11109e-11,0.749692,405.768,0.403238,101.414,1.82049,27.911,0.193812,0.000926626,131.34,-131.34,true,0,0.176129,0.825467,0.00189006,0.0142093,0.0741539,0.561789,223.111,1.36176e-05,1.36176e-05,0.403238,0.00928529
39,16,500,244.572,-197.69,208.599,1,112,112,128,1,16,0,0,0,0.554225,0.1,0.0554225,0.683072,5.36763e-11,0.683072,381.165,0.381514,163.561,1.44729,32.5161,0.164236,0.00114497,197.69,-197.69,true,0,0.196731,0.901965,0.00165807,0.014441,0.0725333,0.648335,192.693,1.1761e-05,1.1761e-05,0.381514,0.00928416
40,16,500,244.572,-283.94,304.77,1,128,128,144,1,16,0,0,0,0.474036,0.1,0.0474036,0.602994,-1.09997e-10,0.602994,352.513,0.353635,246.317,1.16546,36.3275,0.128478,0.00134829,283.94,-283.94,true,5.72205e-06,0.214174,0.953025,0.00137549,0.0168555,0.074459,0.733419,168.831,1.03046e-05,1.03046e-05,0.353635,0.0092846
41,16,500,244.572,-391.601,426.845,1,144,144,160,1,16,0,0,0,0.394617,0.1,0.0394617,0.511478,1.47782e-10,0.511478,321.631,0.316467,351.162,0.960494,39.3829,0.0948723,0.00152453,391.601,-391.601,true,8.58307e-05,0.227921,0.977262,0.00108636,0.0198499,0.0774419,0.797143,163.507,9.97967e-06,9.97967e-06,0.316467,0.00921504
42,16,500,244.572,-521.732,576.868,1,160,160,176,1,16,0,0,0,0.323683,0.1,0.0323683,0.411629,-1.15108e-10,0.411629,291.293,0.267599,479.036,0.813235,41.8124,0.0692098,0.00166815,521.732,-521.732,true,0.000112534,0.237901,0.993913,0.000856575,0.0237392,0.0805459,0.839082,180.605,1.10233e-05,1.10233e-05,0.267599,0.0090165
43,16,500,244.572,-675.076,756.501,1,176,176,192,1,16,0,0,0,0.26707,0.1,0.026707,0.306671,2.30234e-11,0.306671,264.595,0.207973,630.539,0.706158,43.7761,0.0538633,0.00177899,675.076,-675.076,true,0.00028038,0.244304,1,0.000735869,0.0199181,0.0835994,0.884221,214.965,1.31204e-05,1.31204e-05,0.207973,0.00865844
44,16,500,244.572,-852.182,967.094,1,192,192,208,1,16,0,0,0,0.228693,0.1,0.0228693,0.200116,3.3084e-11,0.200116,244.848,0.143165,806.09,0.626776,45.415,0.0481049,0.00186,852.182,-852.182,true,0.000734329,0.247555,1,0.000718642,0.0157698,0.0862818,0.885329,258.695,1.5789e-05,1.5789e-05,0.143165,0.00814417
45,16,500,244.572,-1053.44,1209.68,1,208,208,224,1,16,0,0,0,0.210045,0.1,0.0210045,0.0950849,-2.37651e-11,0.0950849,234.653,0.0941314,1006.01,0.568063,46.8122,0.0483438,0.0019164,1053.44,-1053.44,true,0.0013237,0.24819,1,0.000767534,0.0117327,0.0876124,0.818786,294.433,1.79695e-05,1.79695e-05,0.0941314,0.00750503
46,16,500,244.572,-1279.04,1484.88,1,224,224,240,1,16,0,0,0,0.210117,0.1,0.0210117,-0.00538408,-3.64396e-11,-0.00538408,234.693,0.10583,1230.49,0.526672,47.9681,0.0500615,0.00195334,1279.04,-1279.04,true,0.00217819,0.246678,1,0.000847393,0.0137713,0.0870938,0.720051,292.166,1.78289e-05,1.78289e-05,0.10583,0.00679024
47,16,500,244.572,-1528.72,1792.69,1,240,240,256,1,16,0,0,0,0.226165,0.1,0.0226165,-0.0989923,-1.13033e-10,-0.0989923,243.491,0.166333,1479.37,0.500581,48.7895,0.0535308,0.00197652,1528.72,-1528.72,true,0.00269699,0.243682,1,0.000934963,0.0178071,0.0849776,0.668816,253.637,1.54725e-05,1.54725e-05,0.166333,0.00605957
48,16,500,244.572,-1801.56,2132.17,1,256,256,272,1,16,0,0,0,0.254095,0.1,0.0254095,-0.184512,1.27012e-10,-0.184512,258.088,0.238414,1751.9,0.490004,49.1065,0.0640231,0.00199178,1801.56,-1801.56,true,0.00321579,0.239901,1,0.000990917,0.0229439,0.0818037,0.598749,222.412,1.35609e-05,1.35609e-05,0.238414,0.00538982
49,16,500,244.572,-2095.58,2501.15,1,272,272,288,1,16,0,0,0,0.289391,0.1,0.0289391,-0.26095,-6.19514e-11,-0.26095,275.431,0.304883,2046.28,0.501175,48.7224,0.0808489,0.00200293,2095.58,-2095.58,true,0.00425911,0.235961,1,0.000992854,0.0218567,0.0783954,0.598749,227.845,1.38854e-05,1.38854e-05,0.304883,0.004876
50,16,500,244.572,-2407.62,2896.17,1,288,288,304,1,16,0,0,0,0.32807,0.1,0.032807,-0.327466,-1.25622e-10,-0.327466,293.26,0.361133,2359.5,0.543841,47.4815,0.092807,0.00201078,2407.62,-2407.62,true,0.00470924,0.232175,1,0.000965758,0.0198424,0.0756336,0.598749,248.119,1.51112e-05,1.51112e-05,0.361133,0.00459317
51,16,500,244.572,-2733.38,3312.67,1,304,304,320,1,16,0,0,0,0.366838,0.1,0.0366838,-0.384119,-7.18485e-11,-0.384119,310.104,0.405469,2687.33,0.620352,45.341,0.0900668,0.00201587,2733.38,-2733.38,true,0.00492096,0.228802,1,0.000929599,0.01926,0.0740242,0.597192,262.931,1.601e-05,1.601e-05,0.405469,0.0045495
52,16,500,244.572,-3067.79,3745.49,1,320,320,336,1,16,0,0,0,0.403123,0.1,0.0403123,-0.431227,8.22468e-12,-0.431227,325.079,0.440654,3024.59,0.717383,42.4116,0.0724953,0.00201783,3067.79,-3067.79,true,0.00512505,0.226075,1,0.000892305,0.0261669,0.0742472,0.536684,266.38,1.62115e-05,1.62115e-05,0.440654,0.00469688
53,16,500,244.572,-3405.54,4189.52,1,336,336,352,1,16,0,0,0,0.435241,0.1,0.0435241,-0.469151,1.74904e-11,-0.469151,337.781,0.465324,3365.74,0.81031,38.9376,0.0479543,0.00201613,3405.54,-3405.54,true,0.00506783,0.223981,1,0.00085901,0.0261734,0.0764315,0.55999,256.896,1.56224e-05,1.56224e-05,0.465324,0.0049549
54,16,500,244.572,-3741.65,4640.26,1,352,352,368,1,16,0,0,0,0.461835,0.1,0.0461835,-0.498137,9.23861e-12,-0.498137,347.947,0.4807,3705.52,0.876593,35.221,0.0280236,0.00200813,3741.65,-3741.65,true,0.00485229,0.222356,1,0.000820754,0.0257124,0.0795285,0.56168,250.087,1.52021e-05,1.52021e-05,0.4807,0.00525241
55,16,500,244.572,-4071.76,5094.14,1,368,368,384,1,16,0,0,0,0.482485,0.1,0.0482485,-0.518667,-2.51934e-11,-0.518667,355.641,0.488875,4039.31,0.909106,31.5301,0.0211734,0.00199105,4071.76,-4071.76,true,0.00478363,0.220888,1,0.000772675,0.026122,0.0823775,0.56168,259.653,1.57782e-05,1.57782e-05,0.488875,0.0055533
56,16,500,244.572,-4392.23,5548.41,1,384,384,400,1,16,0,0,0,0.497245,0.1,0.0497245,-0.531316,-2.59781e-11,-0.531316,361.04,0.490722,4363.24,0.920607,28.0402,0.0239498,0.00196352,4392.23,-4392.23,true,0.00462723,0.219284,1,0.000743383,0.0274748,0.084093,0.584199,267.902,1.62814e-05,1.62814e-05,0.490722,0.00583544
57,16,500,244.572,-4699.89,6000.82,1,400,400,416,1,16,0,0,0,0.506583,0.1,0.0506583,-0.536585,-2.00674e-11,-0.536585,364.414,0.488291,4674.1,0.931704,24.8308,0.0266556,0.0019254,4699.89,-4699.89,true,0.00424576,0.217364,1,0.000732356,0.0315729,0.0843171,0.640809,265.677,1.61449e-05,1.61449e-05,0.488291,0.00608275
58,16,500,244.572,-4991.82,6449.25,1,416,416,432,1,16,0,0,0,0.51149,0.1,0.051149,-0.535315,8.75513e-11,-0.535315,366.175,0.483714,4968.91,0.953591,21.9272,0.0249162,0.00187759,4991.82,-4991.82,true,0.00378227,0.215042,1,0.000728804,0.0330674,0.0831486,0.718247,255.678,1.55282e-05,1.55282e-05,0.483714,0.00628996
59,16,500,244.572,-5265.21,6891.47,1,432,432,448,1,16,0,0,0,0.513121,0.1,0.0513121,-0.528468,-2.31318e-11,-0.528468,366.758,0.479367,5244.86,0.982891,19.3481,0.022318,0.00182246,5265.21,-5265.21,true,0.00305176,0.21238,1,0.000768645,0.0341843,0.0809594,0.819391,251.169,1.52467e-05,1.52467e-05,0.479367,0.0064472
60,16,500,244.572,-5517.36,7325.16,1,448,448,464,1,16,0,0,0,0.512442,0.1,0.0512442,-0.516832,-7.08162e-11,-0.516832,366.516,0.477557,5499.21,1.0116,17.1279,0.024401,0.00176299,5517.36,-5517.36,true,0.00233459,0.209509,1,0.000789352,0.0385249,0.0781237,0.948703,264.768,1.60815e-05,1.60815e-05,0.477557,0.00655264
61,16,500,244.572,-5745.8,7748.01,1,464,464,480,1,16,0,0,0,0.510097,0.1,0.0510097,-0.501057,1.4645e-11,-0.501057,365.676,0.479851,5729.43,1.0386,15.3093,0.0281799,0.00170228,5745.8,-5745.8,true,0.00219536,0.206565,1,0.000754826,0.0346343,0.0749546,1.0194,280.677,1.7049e-05,1.7049e-05,0.479851,0.00661977
62,16,500,244.572,-5948.38,8157.79,1,480,480,496,1,16,0,0,0,0.506428,0.1,0.0506428,-0.481451,2.76279e-11,-0.481451,364.358,0.486991,5933.36,1.06844,13.9306,0.0263469,0.00164245,5948.38,-5948.38,true,0.00222206,0.203671,1,0.000764149,0.0383672,0.0718472,1.0194,273.622,1.6474e-05,1.6474e-05,0.486991,0.00664652
63,16,500,244.572,-6123.31,8552.31,1,496,496,512,1,16,0,0,0,0.501579,0.1,0.0501579,-0.458046,-6.18451e-11,-0.458046,362.61,0.499446,6109.15,1.10062,13.0213,0.0208755,0.00158644,6123.31,-6123.31,true,0.00235176,0.200978,1,0.000797314,0.0520094,0.0690681,1.0194,260.013,1.56218e-05,1.56218e-05,0.499446,0.00662364
64,16,500,244.171,-8.3864,5.81217,1,0,0,16,2,16,0,0,0,0.363439,0.1,0.0363439,0.568076,8.86978e-11,0.568076,308.664,0.197375,1.88918,5.09365,1.01651,0.386618,0.000448455,8.3864,-8.3864,true,0,0.0707828,0.43214,0.0170297,0.677085,0.163543,0.933295,191.487,1.16874e-05,1.16874e-05,0.197375,0.00618077
65,16,500,244.171,-10.2403,7.86928,1,16,16,32,2,16,0,0,0,0.664478,0.1,0.0664478,0.598994,-2.25925e-11,0.598994,417.359,0.232509,2.60831,4.68533,2.74438,0.202154,0.000144328,10.2403,-10.2403,true,0,0.0702824,0.319001,0.0025832,0.0290265,0.145586,0.825378,190.591,1.16327e-05,1.16327e-05,0.232509,0.00556207
66,16,500,244.171,-15.814,13.9117,1,32,32,48,2,16,0,0,0,0.642986,0.1,0.0642986,0.583371,6.0673e-11,0.583371,410.554,0.252933,5.37588,4.1742,6.10786,0.155835,0.000195572,15.814,-15.814,true,0,0.0805917,0.387279,0.00239605,0.0155698,0.126316,0.738859,167.952,1.0251e-05,1.0251e-05,0.252933,0.00514664
67,16,500,244.171,-27.3709,26.8843,1,48,48,64,2,16,0,0,0,0.62041,0.1,0.062041,0.571114,1.68107e-10,0.571114,403.282,0.271833,12.7328,3.65428,10.8478,0.135656,0.000317787,27.3709,-27.3709,true,0,0.102769,0.509048,0.00212076,0.0110826,0.108357,0.635957,185.924,1.13479e-05,1.13479e-05,0.271833,0.00487856
68,16,500,244.171,-48.0906,50.6584,1,64,64,80,2,16,0,0,0,0.604358,0.1,0.0604358,0.566727,-4.22309e-12,0.566727,398.031,0.289442,28.1755,3.15207,16.6343,0.128385,0.000489738,48.0906,-48.0906,true,0,0.126755,0.641563,0.00191242,0.0104257,0.0932371,0.593385,208.557,1.27293e-05,1.27293e-05,0.289442,0.00474903
69,16,500,244.171,-81.7578,90.0877,1,80,80,96,2,16,0,0,0,0.576051,0.1,0.0576051,0.554937,-1.078e-10,0.554937,388.598,0.30159,55.8399,2.67935,23.1122,0.125758,0.000687082,81.7578,-81.7578,true,0,0.148898,0.77885,0.00169433,0.0105429,0.0850973,0.620729,229.124,1.39846e-05,1.39846e-05,0.30159,0.00475168
70,16,500,244.171,-132.472,150.728,1,96,96,112,2,16,0,0,0,0.534654,0.1,0.0534654,0.531388,-4.53605e-11,0.531388,374.375,0.306669,100.171,2.24494,29.9317,0.123515,0.000891251,132.472,-132.472,true,0,0.16832,0.912746,0.00147891,0.010409,0.0831836,0.665642,247.685,1.51175e-05,1.51175e-05,0.306669,0.00487002
71,16,500,244.171,-204.365,238.478,1,112,112,128,2,16,0,0,0,0.48299,0.1,0.048299,0.494902,-4.99468e-11,0.494902,355.827,0.302993,165.612,1.85684,36.7759,0.119808,0.00108832,204.365,-204.365,true,5.34058e-05,0.184765,1,0.00126863,0.0105304,0.0846006,0.710639,262.285,1.60086e-05,1.60086e-05,0.302993,0.00506103
72,16,500,244.171,-301.351,359.199,1,128,128,144,2,16,0,0,0,0.426484,0.1,0.0426484,0.446047,-5.73174e-11,0.446047,334.365,0.290254,256.34,1.51917,43.3749,0.115069,0.00126837,301.351,-301.351,true,0.000352859,0.198073,1,0.00106068,0.0108323,0.0872774,0.742102,273.023,1.66637e-05,1.66637e-05,0.290254,0.0052613
73,16,500,244.171,-426.896,518.294,1,144,144,160,2,16,0,0,0,0.370647,0.1,0.0370647,0.386831,-5.99009e-12,0.386831,311.71,0.268608,376.052,1.23178,49.5008,0.110398,0.0014237,426.896,-426.896,true,0.00125313,0.208248,1,0.000876821,0.0121827,0.0903112,0.76715,275.035,1.67853e-05,1.67853e-05,0.268608,0.00540784
74,16,500,244.171,-583.821,720.244,1,160,160,176,2,16,0,0,0,0.320156,0.1,0.0320156,0.319841,1.73228e-11,0.319841,289.702,0.238242,527.771,0.991216,54.9496,0.107905,0.00154988,583.821,-583.821,true,0.00254631,0.215433,1,0.000759564,0.0125851,0.0932177,0.802727,264.307,1.61213e-05,1.61213e-05,0.238242,0.00545414
75,16,500,244.171,-774.094,968.141,1,176,176,192,2,16,0,0,0,0.278629,0.1,0.0278629,0.247629,-7.88284e-11,0.247629,270.261,0.200125,713.669,0.793968,59.5221,0.108528,0.00164456,774.094,-774.094,true,0.00333786,0.21983,1,0.000708898,0.0146384,0.0955546,0.822156,248.932,1.51637e-05,1.51637e-05,0.200125,0.00537444
76,16,500,244.171,-998.655,1263.3,1,192,192,208,2,16,0,0,0,0.248599,0.1,0.0248599,0.17258,-7.59575e-11,0.17258,255.282,0.157477,934.877,0.639643,63.026,0.110497,0.00171104,998.655,-998.655,true,0.00405693,0.221717,1,0.000696139,0.0167834,0.0967163,0.817164,238.234,1.44989e-05,1.44989e-05,0.157477,0.00516253
77,16,500,244.171,-1257.3,1605.09,1,208,208,224,2,16,0,0,0,0.23138,0.1,0.023138,0.0966296,-2.9119e-11,0.0966296,246.282,0.119267,1191.35,0.530783,65.307,0.109505,0.00175275,1257.3,-1257.3,true,0.00488091,0.22146,1,0.000699597,0.0172709,0.0959661,0.78118,237.511,1.44454e-05,1.44454e-05,0.119267,0.00483198
78,16,500,244.171,-1548.67,1991.08,1,224,224,240,2,16,0,0,0,0.226251,0.1,0.0226251,0.0213186,-2.38773e-11,0.0213186,243.537,0.102029,1481.8,0.46868,66.2942,0.101223,0.00177375,1548.67,-1548.67,true,0.00577545,0.219753,1,0.000713535,0.0153208,0.0933657,0.76715,243.923,1.4824e-05,1.4824e-05,0.102029,0.0044131
79,16,500,244.171,-1870.39,2417.52,1,240,240,256,2,16,0,0,0,0.231979,0.1,0.0231979,-0.0514452,2.98117e-11,-0.0514452,246.601,0.121083,1803.82,0.448462,66.0322,0.0853986,0.00177863,1870.39,-1870.39,true,0.00633621,0.217137,1,0.000739676,0.0131478,0.0894474,0.76715,252.691,1.53565e-05,1.53565e-05,0.121083,0.00394713
80,16,500,244.171,-2219.32,2879.82,1,256,256,272,2,16,0,0,0,0.246768,0.1,0.0246768,-0.12027,-1.76576e-10,-0.12027,254.34,0.164873,2154.12,0.458241,64.6758,0.0669417,0.00177279,2219.32,-2219.32,true,0.00653267,0.213869,1,0.000764225,0.0140084,0.0850654,0.76715,262.411,1.59608e-05,1.59608e-05,0.164873,0.00348552
81,16,500,244.171,-2591.82,3373.19,1,272,272,288,2,16,0,0,0,0.267823,0.1,0.0267823,-0.184065,-8.94561e-12,-0.184065,264.968,0.215961,2528.83,0.484105,62.4454,0.0520219,0.00175989,2591.82,-2591.82,true,0.00615692,0.210153,1,0.000781229,0.0149607,0.0808863,0.76715,280.147,1.70415e-05,1.70415e-05,0.215961,0.0030905
82,16,500,244.171,-2983.95,3892.97,1,288,288,304,2,16,0,0,0,0.292484,0.1,0.0292484,-0.241822,3.68608e-11,-0.241822,276.899,0.264817,2923.81,0.516798,59.5685,0.0437105,0.00174198,2983.95,-2983.95,true,0.00585747,0.206557,1,0.000795578,0.0168839,0.0777836,0.701337,292.327,1.77899e-05,1.77899e-05,0.264817,0.00282977
83,16,500,244.171,-3391.56,4434.81,1,304,304,320,2,16,0,0,0,0.31849,0.1,0.031849,-0.292783,2.24376e-11,-0.292783,288.947,0.308142,3334.74,0.554696,56.2267,0.040883,0.00171927,3391.56,-3391.56,true,0.00549507,0.203305,1,0.0008078,0.0206053,0.0762919,0.662051,281.764,1.71428e-05,1.71428e-05,0.308142,0.00275002
84,16,500,244.171,-3810.31,4994.62,1,320,320,336,2,16,0,0,0,0.344201,0.1,0.0344201,-0.336941,-4.78984e-11,-0.336941,300.383,0.344365,3757.13,0.601386,52.5369,0.0414892,0.0016921,3810.31,-3810.31,true,0.00478745,0.20033,1,0.000809298,0.0248228,0.0761707,0.655957,265.449,1.61449e-05,1.61449e-05,0.344365,0.00285004
85,16,500,244.171,-4235.57,5568.42,1,336,336,352,2,16,0,0,0,0.36842,0.1,0.036842,-0.374592,-4.66496e-11,-0.374592,310.772,0.37244,4186.29,0.661039,48.5681,0.0440987,0.00166124,4235.57,-4235.57,true,0.00434303,0.19777,1,0.000797931,0.027649,0.0770386,0.655957,257.219,1.56385e-05,1.56385e-05,0.37244,0.00308453
86,16,500,244.171,-4662.33,6152.22,1,352,352,368,2,16,0,0,0,0.390425,0.1,0.0390425,-0.406016,-5.30129e-11,-0.406016,319.918,0.392859,4617.16,0.734466,44.3789,0.0459533,0.0016273,4662.33,-4662.33,true,0.0036602,0.195654,1,0.000771833,0.0269869,0.0784549,0.655957,259.023,1.57463e-05,1.57463e-05,0.392859,0.00339884
87,16,500,244.171,-5085.35,6742.04,1,368,368,384,2,16,0,0,0,0.409765,0.1,0.0409765,-0.431558,2.37288e-12,-0.431558,327.746,0.405045,5044.44,0.815716,40.0566,0.0433118,0.00159173,5085.35,-5085.35,true,0.0032959,0.193888,1,0.000737712,0.0238916,0.0800309,0.655957,260.885,1.58523e-05,1.58523e-05,0.405045,0.00374691
88,16,500,244.171,-5499.38,7334.04,1,384,384,400,2,16,0,0,0,0.426019,0.1,0.0426019,-0.451265,5.17886e-11,-0.451265,334.183,0.408863,5462.73,0.891909,35.7383,0.035658,0.00155466,5499.38,-5499.38,true,0.00311089,0.192401,1,0.000713925,0.0244804,0.0813087,0.655957,259.794,1.57846e-05,1.57846e-05,0.408863,0.00409165
89,16,500,244.171,-5899.54,7924.89,1,400,400,416,2,16,0,0,0,0.438893,0.1,0.0438893,-0.465001,3.55801e-11,-0.465001,339.195,0.40619,5866.98,0.948875,31.5945,0.027889,0.00151558,5899.54,-5899.54,true,0.00286865,0.191039,1,0.000710187,0.0262856,0.0820374,0.655957,264.873,1.6093e-05,1.6093e-05,0.40619,0.0044073
90,16,500,244.171,-6281.57,8511.93,1,416,416,432,2,16,0,0,0,0.448416,0.1,0.0448416,-0.472811,8.44214e-12,-0.472811,342.855,0.399625,6252.78,0.981385,27.7886,0.0241592,0.00147402,6281.57,-6281.57,true,0.00242043,0.189629,1,0.000723853,0.025114,0.0820823,0.683992,271.624,1.65051e-05,1.65051e-05,0.399625,0.00468153
91,16,500,244.171,-6641.98,9093.23,1,432,432,448,2,16,0,0,0,0.454844,0.1,0.0454844,-0.474942,-1.09082e-10,-0.474942,345.304,0.391949,6616.52,0.998128,24.4352,0.023319,0.00142948,6641.98,-6641.98,true,0.00206757,0.187924,1,0.000756052,0.0277317,0.0812,0.877357,269.191,1.63599e-05,1.63599e-05,0.391949,0.00490812
92,16,500,244.171,-6977.85,9667.43,1,448,448,464,2,16,0,0,0,0.458716,0.1,0.0458716,-0.47185,-1.05918e-10,-0.47185,346.77,0.385619,6955.23,1.0156,21.5815,0.0227932,0.00138233,6977.85,-6977.85,true,0.00183868,0.18583,1,0.000795502,0.0318549,0.0793421,1.11145,259.126,1.57402e-05,1.57402e-05,0.385619,0.00508131
93,16,500,244.171,-7286.6,10233.3,1,464,464,480,2,16,0,0,0,0.460818,0.1,0.0460818,-0.464193,4.96177e-11,-0.464193,347.564,0.383403,7266.31,1.0464,19.2218,0.0227861,0.0013334,7286.6,-7286.6,true,0.00190544,0.183354,1,0.000824778,0.0329662,0.0767104,1.19027,254.719,1.54499e-05,1.54499e-05,0.383403,0.00519629
94,16,500,244.171,-7565.7,10789.4,1,480,480,496,2,16,0,0,0,0.461812,0.1,0.0461812,-0.452718,-9.73985e-11,-0.452718,347.938,0.38761,7547.27,1.09098,17.3308,0.0231577,0.00128292,7565.7,-7565.7,true,0.00195122,0.180538,1,0.000828609,0.0274503,0.0734528,1.19027,256.98,1.5509e-05,1.5509e-05,0.38761,0.00525571
95,16,500,244.171,-7812.64,11334,1,496,496,512,2,16,0,0,0,0.46196,0.1,0.046196,-0.437886,-3.90776e-11,-0.437886,347.994,0.398383,7795.59,1.13534,15.8935,0.0216023,0.00123226,7812.64,-7812.64,true,0.00193596,0.177582,1,0.00081392,0.0257347,0.0697602,1.19027,259.963,1.56452e-05,1.56452e-05,0.398383,0.00526568
96,16,500,242.676,-8.43038,5.80096,1,0,0,16,3,16,0,0,0,0.356026,0.1,0.0356026,0.510702,8.53495e-11,0.510702,305.5,0.166806,1.87701,5.12459,1.0287,0.399617,0.000457742,8.43038,-8.43038,true,0,0.0638705,0.393428,0.0179978,0.650596,0.193156,0.848787,191.573,1.16927e-05,1.16927e-05,0.166806,0.00501134
97,16,500,242.676,-10.4359,7.91866,1,16,16,32,3,16,0,0,0,0.63994,0.1,0.063994,0.54196,8.0653e-11,0.54196,409.581,0.201031,2.61886,4.68437,2.89476,0.237763,0.000120901,10.4359,-10.4359,true,0,0.0629803,0.349762,0.00283311,0.0272545,0.169247,0.7752,173.492,1.05891e-05,1.05891e-05,0.201031,0.004517
98,16,500,242.676,-16.3045,14.0821,1,32,32,48,3,16,0,0,0,0.628128,0.1,0.0628128,0.543711,1.83847e-11,0.543711,405.783,0.224051,5.53381,4.11556,6.4633,0.191611,0.000196753,16.3045,-16.3045,true,0,0.0814325,0.475675,0.00268301,0.0159717,0.140022,0.699072,172.9,1.0553e-05,1.0553e-05,0.224051,0.00419436
99,16,500,242.676,-28.3463,27.2426,1,48,48,64,3,16,0,0,0,0.612089,0.1,0.0612089,0.5403,-4.46471e-11,0.5403,400.569,0.24194,13.2852,3.53701,11.3545,0.1693,0.000368277,28.3463,-28.3463,true,0,0.113653,0.611783,0.00249831,0.0149017,0.112966,0.593376,197.784,1.20718e-05,1.20718e-05,0.24194,0.0040062
