group_key,size_mass_bin,thrust_to_weight_bin,torque_to_inertia_bin,motor_delay_bin,curve_shape_bin,sample_count,loss_mean,success_mean,action_saturation_mean
0,0,0,0,0,0,6250,0.0441034,0.97712,0.0132625
1,0,0,0,0,1,6250,0.0437177,0.98464,0.0136
2,0,0,0,0,2,6250,0.0463165,0.98176,0.0151175
3,0,0,0,0,3,6250,0.0514349,0.9744,0.01614
4,0,0,0,1,0,6250,0.0491609,0.97504,0.0164475
5,0,0,0,1,1,6250,0.0486228,0.9776,0.0173725
6,0,0,0,1,2,6250,0.0534427,0.97584,0.02098
7,0,0,0,1,3,6250,0.0576826,0.96688,0.02279
8,0,0,0,2,0,6250,0.0584929,0.97568,0.0208
9,0,0,0,2,1,6250,0.0574129,0.9784,0.022395
10,0,0,0,2,2,6250,0.0623482,0.97472,0.0261475
11,0,0,0,2,3,6250,0.0659262,0.9568,0.0298825
12,0,0,0,3,0,6250,0.0686758,0.97584,0.02363
13,0,0,0,3,1,6250,0.0706417,0.976,0.0264875
14,0,0,0,3,2,6250,0.0733158,0.97056,0.029575
15,0,0,0,3,3,6250,0.0773715,0.94368,0.033645
16,0,0,1,0,0,6250,0.0624037,0.98192,0.0139825
17,0,0,1,0,1,6250,0.0580712,0.98576,0.0139825
18,0,0,1,0,2,6250,0.0562901,0.98384,0.0154875
19,0,0,1,0,3,6250,0.0710895,0.9752,0.016895
20,0,0,1,1,0,6250,0.0533395,0.97904,0.020425
21,0,0,1,1,1,6250,0.0567077,0.98192,0.020385
22,0,0,1,1,2,6250,0.071112,0.97792,0.0220725
23,0,0,1,1,3,6250,0.0824041,0.96496,0.0237975
24,0,0,1,2,0,6250,0.0652987,0.97504,0.026575
25,0,0,1,2,1,6250,0.069169,0.98032,0.0283275
26,0,0,1,2,2,6250,0.0767749,0.97568,0.03027
27,0,0,1,2,3,6250,0.0772202,0.95952,0.0319475
28,0,0,1,3,0,6250,0.0842458,0.96896,0.0342925
29,0,0,1,3,1,6250,0.100147,0.96528,0.034475
30,0,0,1,3,2,6250,0.0918949,0.95856,0.039685
31,0,0,1,3,3,6250,0.0933353,0.9384,0.04184
32,0,0,2,0,0,6250,0.0951399,0.98048,0.01898
33,0,0,2,0,1,6250,0.109734,0.98608,0.01994
34,0,0,2,0,2,6250,0.133466,0.98176,0.0212
35,0,0,2,0,3,6250,0.117774,0.9752,0.02296
36,0,0,2,1,0,6250,0.0997168,0.97888,0.0287375
37,0,0,2,1,1,6250,0.101653,0.98048,0.0286575
38,0,0,2,1,2,6250,0.107435,0.97792,0.0302775
39,0,0,2,1,3,6250,0.140451,0.96592,0.0315775
40,0,0,2,2,0,6250,0.0905864,0.97456,0.037415
41,0,0,2,2,1,6250,0.096284,0.97984,0.03848
42,0,0,2,2,2,6250,0.117718,0.96736,0.04132
43,0,0,2,2,3,6250,0.109102,0.95744,0.04207
44,0,0,2,3,0,6250,0.123966,0.96224,0.047175
45,0,0,2,3,1,6250,0.112912,0.96704,0.0502075
46,0,0,2,3,2,6250,0.109835,0.95808,0.0526625
47,0,0,2,3,3,6250,0.116634,0.93216,0.0550375
48,0,0,3,0,0,6250,0.179543,0.98096,0.0245925
49,0,0,3,0,1,6250,0.258981,0.98352,0.0265375
50,0,0,3,0,2,6250,0.260495,0.98368,0.02749
51,0,0,3,0,3,6250,0.289904,0.97216,0.0298425
52,0,0,3,1,0,6250,0.186771,0.97504,0.03676
53,0,0,3,1,1,6250,0.170897,0.97472,0.038725
54,0,0,3,1,2,6250,0.171539,0.97344,0.03926
55,0,0,3,1,3,6250,0.188247,0.96368,0.0418775
56,0,0,3,2,0,6250,0.143914,0.97152,0.0486125
57,0,0,3,2,1,6250,0.165451,0.972,0.05031
58,0,0,3,2,2,6250,0.155935,0.964,0.0525925
59,0,0,3,2,3,6250,0.157109,0.9496,0.05472
60,0,0,3,3,0,6250,0.174665,0.9584,0.0596975
61,0,0,3,3,1,6250,0.165733,0.96096,0.0640175
62,0,0,3,3,2,6250,0.201066,0.95104,0.067865
63,0,0,3,3,3,6250,0.1947,0.92592,0.0697475
64,0,1,0,0,0,6250,0.0498714,0.94416,0.01287
65,0,1,0,0,1,6250,0.0428913,0.96944,0.0127825
66,0,1,0,0,2,6250,0.0425331,0.98,0.0119925
67,0,1,0,0,3,6250,0.0438293,0.98256,0.012895
68,0,1,0,1,0,6250,0.0569054,0.93808,0.016355
69,0,1,0,1,1,6250,0.0473049,0.97072,0.0144775
70,0,1,0,1,2,6250,0.0469918,0.97808,0.01582
71,0,1,0,1,3,6250,0.0493538,0.98048,0.0173925
72,0,1,0,2,0,6250,0.0646916,0.93728,0.0193575
73,0,1,0,2,1,6250,0.0557324,0.97248,0.0187275
74,0,1,0,2,2,6250,0.0555367,0.9752,0.020735
75,0,1,0,2,3,6250,0.0583709,0.97808,0.02186
76,0,1,0,3,0,6250,0.0756747,0.94592,0.02161
77,0,1,0,3,1,6250,0.0689949,0.97072,0.021825
78,0,1,0,3,2,6250,0.0683764,0.97744,0.024335
79,0,1,0,3,3,6250,0.0705416,0.972,0.02768
80,0,1,1,0,0,6250,0.0617113,0.9608,0.0162775
81,0,1,1,0,1,6250,0.0532806,0.97904,0.01365
82,0,1,1,0,2,6250,0.0577335,0.9856,0.0135475
83,0,1,1,0,3,6250,0.0584424,0.9848,0.0134125
84,0,1,1,1,0,6250,0.0598447,0.95552,0.02198
85,0,1,1,1,1,6250,0.061185,0.97792,0.020875
86,0,1,1,1,2,6250,0.0601253,0.98304,0.0196175
87,0,1,1,1,3,6250,0.0640238,0.9792,0.0195375
88,0,1,1,2,0,6250,0.0710431,0.94512,0.0280175
89,0,1,1,2,1,6250,0.0691885,0.96784,0.0255275
90,0,1,1,2,2,6250,0.0675986,0.97728,0.0252675
91,0,1,1,2,3,6250,0.0741414,0.97808,0.027825
92,0,1,1,3,0,6250,0.0930997,0.93776,0.0351675
93,0,1,1,3,1,6250,0.0829988,0.96496,0.034215
94,0,1,1,3,2,6250,0.0840459,0.97216,0.0350925
95,0,1,1,3,3,6250,0.0844475,0.96656,0.0354225
96,0,1,2,0,0,6250,0.096543,0.95792,0.021315
97,0,1,2,0,1,6250,0.105706,0.97872,0.0199225
98,0,1,2,0,2,6250,0.131769,0.98512,0.018185
99,0,1,2,0,3,6250,0.127228,0.98448,0.01857
100,0,1,2,1,0,6250,0.0947255,0.95248,0.0317275
101,0,1,2,1,1,6250,0.119837,0.97536,0.028435
102,0,1,2,1,2,6250,0.113623,0.98112,0.027365
103,0,1,2,1,3,6250,0.104774,0.98064,0.027825
104,0,1,2,2,0,6250,0.0988712,0.9472,0.0409525
105,0,1,2,2,1,6250,0.10818,0.96912,0.037855
106,0,1,2,2,2,6250,0.0947038,0.9776,0.037935
107,0,1,2,2,3,6250,0.101496,0.97168,0.0382725
108,0,1,2,3,0,6250,0.120023,0.93728,0.050705
109,0,1,2,3,1,6250,0.13,0.95856,0.04851
110,0,1,2,3,2,6250,0.115896,0.96624,0.04729
111,0,1,2,3,3,6250,0.108794,0.9648,0.0488825
112,0,1,3,0,0,6250,0.245357,0.95952,0.02746
113,0,1,3,0,1,6250,0.24602,0.97856,0.0247225
114,0,1,3,0,2,6250,0.265661,0.98416,0.0247275
115,0,1,3,0,3,6250,0.290861,0.98144,0.02643
116,0,1,3,1,0,6250,0.154213,0.95504,0.0413725
117,0,1,3,1,1,6250,0.159272,0.97408,0.0383125
118,0,1,3,1,2,6250,0.187646,0.97696,0.0369625
119,0,1,3,1,3,6250,0.186831,0.97728,0.0370675
120,0,1,3,2,0,6250,0.157746,0.94144,0.051715
121,0,1,3,2,1,6250,0.16003,0.9688,0.0496725
122,0,1,3,2,2,6250,0.156911,0.9704,0.049165
123,0,1,3,2,3,6250,0.195779,0.97056,0.05062
124,0,1,3,3,0,6250,0.223253,0.92592,0.0650875
125,0,1,3,3,1,6250,0.204483,0.9504,0.063485
126,0,1,3,3,2,6250,0.158907,0.96096,0.0623375
127,0,1,3,3,3,6250,0.154281,0.95616,0.0644775
128,0,2,0,0,0,6250,0.0709076,0.84752,0.01421
129,0,2,0,0,1,6250,0.0519183,0.92832,0.0125025
130,0,2,0,0,2,6250,0.0453951,0.96192,0.011905
131,0,2,0,0,3,6250,0.0418227,0.97792,0.011905
132,0,2,0,1,0,6250,0.076388,0.83248,0.017435
133,0,2,0,1,1,6250,0.0573496,0.9312,0.01521
134,0,2,0,1,2,6250,0.0470573,0.96432,0.0145
135,0,2,0,1,3,6250,0.0461346,0.97504,0.0151075
136,0,2,0,2,0,6250,0.0851471,0.83728,0.0206975
137,0,2,0,2,1,6250,0.0666084,0.93328,0.017975
138,0,2,0,2,2,6250,0.0557371,0.96608,0.01752
139,0,2,0,2,3,6250,0.0540335,0.97744,0.0188025
140,0,2,0,3,0,6250,0.0957472,0.84512,0.02268
141,0,2,0,3,1,6250,0.0770135,0.94128,0.0202975
142,0,2,0,3,2,6250,0.0685066,0.968,0.02163
143,0,2,0,3,3,6250,0.065701,0.97776,0.02313
144,0,2,1,0,0,6250,0.0835676,0.87008,0.0191
145,0,2,1,0,1,6250,0.0626671,0.95136,0.01517
146,0,2,1,0,2,6250,0.0640994,0.97968,0.0135375
147,0,2,1,0,3,6250,0.0651165,0.98608,0.013005
148,0,2,1,1,0,6250,0.0799143,0.86208,0.026285
149,0,2,1,1,1,6250,0.0569872,0.9528,0.0218725
150,0,2,1,1,2,6250,0.0648388,0.9736,0.0197075
151,0,2,1,1,3,6250,0.0522638,0.9832,0.0175575
152,0,2,1,2,0,6250,0.0871728,0.85664,0.034055
153,0,2,1,2,1,6250,0.0680573,0.94544,0.02876
154,0,2,1,2,2,6250,0.0609417,0.97136,0.0247825
155,0,2,1,2,3,6250,0.0686272,0.97488,0.024575
156,0,2,1,3,0,6250,0.116039,0.84528,0.0422925
157,0,2,1,3,1,6250,0.0914201,0.93296,0.0355425
158,0,2,1,3,2,6250,0.0796529,0.96752,0.0324525
159,0,2,1,3,3,6250,0.0739973,0.972,0.031665
160,0,2,2,0,0,6250,0.128735,0.88832,0.0255175
161,0,2,2,0,1,6250,0.0916919,0.95712,0.021385
162,0,2,2,0,2,6250,0.121871,0.97632,0.0184875
163,0,2,2,0,3,6250,0.11923,0.9856,0.016905
164,0,2,2,1,0,6250,0.123674,0.876,0.036415
165,0,2,2,1,1,6250,0.103812,0.952,0.0327925
166,0,2,2,1,2,6250,0.106452,0.97232,0.02745
167,0,2,2,1,3,6250,0.103586,0.9816,0.025745
168,0,2,2,2,0,6250,0.115402,0.8632,0.0474175
169,0,2,2,2,1,6250,0.10448,0.93888,0.041075
170,0,2,2,2,2,6250,0.102177,0.97248,0.0372
171,0,2,2,2,3,6250,0.0893361,0.97744,0.0360025
172,0,2,2,3,0,6250,0.13739,0.83088,0.05881
173,0,2,2,3,1,6250,0.115245,0.92928,0.051185
174,0,2,2,3,2,6250,0.113697,0.9608,0.046455
175,0,2,2,3,3,6250,0.121772,0.96896,0.0463275
176,0,2,3,0,0,6250,0.235299,0.89168,0.0322275
177,0,2,3,0,1,6250,0.251277,0.9584,0.02596
178,0,2,3,0,2,6250,0.240957,0.9744,0.024085
179,0,2,3,0,3,6250,0.323536,0.98288,0.0229825
180,0,2,3,1,0,6250,0.18501,0.87328,0.0475125
181,0,2,3,1,1,6250,0.214396,0.94848,0.041195
182,0,2,3,1,2,6250,0.204946,0.972,0.0362125
183,0,2,3,1,3,6250,0.241185,0.97792,0.0352625
184,0,2,3,2,0,6250,0.193875,0.85472,0.0596875
185,0,2,3,2,1,6250,0.151624,0.93968,0.0514775
186,0,2,3,2,2,6250,0.158345,0.96416,0.048065
187,0,2,3,2,3,6250,0.201826,0.97232,0.0471925
188,0,2,3,3,0,6250,0.196111,0.83104,0.0724675
189,0,2,3,3,1,6250,0.180444,0.9264,0.0645325
190,0,2,3,3,2,6250,0.170186,0.956,0.0617225
191,0,2,3,3,3,6250,0.147157,0.96016,0.06055
192,0,3,0,0,0,6250,0.0997307,0.6448,0.0161725
193,0,3,0,0,1,6250,0.0664623,0.8528,0.0133525
194,0,3,0,0,2,6250,0.0504386,0.93168,0.0114475
195,0,3,0,0,3,6250,0.04343,0.96592,0.0116375
196,0,3,0,1,0,6250,0.10599,0.63232,0.02038
197,0,3,0,1,1,6250,0.069947,0.86736,0.0168425
198,0,3,0,1,2,6250,0.0535079,0.94096,0.0142475
199,0,3,0,1,3,6250,0.0467067,0.96704,0.014425
200,0,3,0,2,0,6250,0.114692,0.64112,0.0232175
201,0,3,0,2,1,6250,0.077315,0.87344,0.018875
202,0,3,0,2,2,6250,0.0580324,0.9528,0.016735
203,0,3,0,2,3,6250,0.0540136,0.972,0.016335
204,0,3,0,3,0,6250,0.127736,0.65232,0.0272975
205,0,3,0,3,1,6250,0.0906485,0.87184,0.02131
206,0,3,0,3,2,6250,0.0724685,0.94592,0.0196625
207,0,3,0,3,3,6250,0.0663643,0.97152,0.0208975
208,0,3,1,0,0,6250,0.105132,0.68128,0.0243025
209,0,3,1,0,1,6250,0.0696385,0.88768,0.0181925
210,0,3,1,0,2,6250,0.0623189,0.95424,0.014335
211,0,3,1,0,3,6250,0.0768773,0.9776,0.012325
212,0,3,1,1,0,6250,0.103217,0.6696,0.0335625
213,0,3,1,1,1,6250,0.0740968,0.88688,0.0255375
214,0,3,1,1,2,6250,0.0612046,0.95552,0.0200075
215,0,3,1,1,3,6250,0.0544133,0.97712,0.0171825
216,0,3,1,2,0,6250,0.122102,0.65824,0.0436875
217,0,3,1,2,1,6250,0.0878712,0.88448,0.03238
218,0,3,1,2,2,6250,0.0727784,0.95232,0.02696
219,0,3,1,2,3,6250,0.0610849,0.97456,0.0242875
220,0,3,1,3,0,6250,0.147833,0.64512,0.0507275
221,0,3,1,3,1,6250,0.111349,0.87376,0.039535
222,0,3,1,3,2,6250,0.0831198,0.94688,0.033205
223,0,3,1,3,3,6250,0.0815154,0.96928,0.0301225
224,0,3,2,0,0,6250,0.142235,0.70944,0.0326475
225,0,3,2,0,1,6250,0.148715,0.90144,0.0242525
226,0,3,2,0,2,6250,0.135119,0.96144,0.01978
227,0,3,2,0,3,6250,0.116666,0.98016,0.0168575
228,0,3,2,1,0,6250,0.135229,0.68896,0.0471025
229,0,3,2,1,1,6250,0.13489,0.89248,0.0353875
230,0,3,2,1,2,6250,0.122814,0.9576,0.029385
231,0,3,2,1,3,6250,0.115197,0.97792,0.0255375
232,0,3,2,2,0,6250,0.145723,0.65856,0.058865
233,0,3,2,2,1,6250,0.120312,0.87664,0.04676
234,0,3,2,2,2,6250,0.0907887,0.95632,0.0391375
235,0,3,2,2,3,6250,0.0941941,0.97456,0.03451
236,0,3,2,3,0,6250,0.185659,0.64928,0.0705225
237,0,3,2,3,1,6250,0.128532,0.86832,0.0578325
238,0,3,2,3,2,6250,0.104903,0.9408,0.04877
239,0,3,2,3,3,6250,0.0912737,0.96544,0.04488
240,0,3,3,0,0,6250,0.205671,0.71856,0.040735
241,0,3,3,0,1,6250,0.208731,0.90752,0.031185
242,0,3,3,0,2,6250,0.247193,0.96512,0.024665
243,0,3,3,0,3,6250,0.241427,0.97504,0.0219225
244,0,3,3,1,0,6250,0.200767,0.676,0.0577225
245,0,3,3,1,1,6250,0.160232,0.89376,0.0445425
246,0,3,3,1,2,6250,0.146853,0.95632,0.0373975
247,0,3,3,1,3,6250,0.168269,0.97344,0.033895
248,0,3,3,2,0,6250,0.211872,0.66384,0.0694375
249,0,3,3,2,1,6250,0.220532,0.87424,0.058025
250,0,3,3,2,2,6250,0.167972,0.95328,0.0496875
251,0,3,3,2,3,6250,0.19569,0.97216,0.0465325
252,0,3,3,3,0,6250,0.255332,0.65232,0.08285
253,0,3,3,3,1,6250,0.184499,0.86208,0.0689575
254,0,3,3,3,2,6250,0.188778,0.9336,0.063355
255,0,3,3,3,3,6250,0.179734,0.95888,0.0593575
256,1,0,0,0,0,6250,0.0464796,0.97424,0.0132475
257,1,0,0,0,1,6250,0.0478539,0.97776,0.013195
258,1,0,0,0,2,6250,0.0527705,0.9672,0.0150775
259,1,0,0,0,3,6250,0.0566232,0.948,0.0167225
260,1,0,0,1,0,6250,0.0516773,0.97472,0.0170625
261,1,0,0,1,1,6250,0.0540941,0.9776,0.018275
262,1,0,0,1,2,6250,0.0564209,0.96496,0.020155
263,1,0,0,1,3,6250,0.0618327,0.94496,0.02214
264,1,0,0,2,0,6250,0.0600606,0.97168,0.0196725
265,1,0,0,2,1,6250,0.0632563,0.97328,0.02251
266,1,0,0,2,2,6250,0.0661245,0.96,0.0255475
267,1,0,0,2,3,6250,0.0706113,0.93216,0.028905
268,1,0,0,3,0,6250,0.0731664,0.96608,0.022345
269,1,0,0,3,1,6250,0.074248,0.968,0.0255225
270,1,0,0,3,2,6250,0.0777678,0.95264,0.029765
271,1,0,0,3,3,6250,0.0817852,0.9216,0.0337875
272,1,0,1,0,0,6250,0.0642908,0.97984,0.01426
273,1,0,1,0,1,6250,0.0586144,0.98384,0.0141075
274,1,0,1,0,2,6250,0.0773786,0.96656,0.014785
275,1,0,1,0,3,6250,0.0877655,0.94624,0.0161975
276,1,0,1,1,0,6250,0.0679432,0.97808,0.0199775
277,1,0,1,1,1,6250,0.0587755,0.97792,0.0200625
278,1,0,1,1,2,6250,0.0706999,0.96736,0.02084
279,1,0,1,1,3,6250,0.0800024,0.94784,0.0236475
280,1,0,1,2,0,6250,0.0675257,0.97728,0.02447
281,1,0,1,2,1,6250,0.0754566,0.97392,0.0264175
282,1,0,1,2,2,6250,0.0728082,0.95856,0.028595
283,1,0,1,2,3,6250,0.0762632,0.93072,0.032045
284,1,0,1,3,0,6250,0.0915117,0.96224,0.0326075
285,1,0,1,3,1,6250,0.0983977,0.964,0.033975
286,1,0,1,3,2,6250,0.0871009,0.9488,0.03665
287,1,0,1,3,3,6250,0.0936832,0.91696,0.0395925
288,1,0,2,0,0,6250,0.0919046,0.98224,0.0195675
289,1,0,2,0,1,6250,0.126993,0.98064,0.01964
290,1,0,2,0,2,6250,0.13318,0.97376,0.0207175
291,1,0,2,0,3,6250,0.138833,0.9536,0.022685
292,1,0,2,1,0,6250,0.101045,0.98064,0.0280475
293,1,0,2,1,1,6250,0.0897801,0.97648,0.0271225
294,1,0,2,1,2,6250,0.103993,0.96992,0.02892
295,1,0,2,1,3,6250,0.126698,0.94176,0.0307225
296,1,0,2,2,0,6250,0.0872491,0.9704,0.03498
297,1,0,2,2,1,6250,0.102283,0.97008,0.0361975
298,1,0,2,2,2,6250,0.141492,0.95776,0.0388625
299,1,0,2,2,3,6250,0.112575,0.93232,0.040795
300,1,0,2,3,0,6250,0.10882,0.96192,0.044415
301,1,0,2,3,1,6250,0.103702,0.96144,0.0461225
302,1,0,2,3,2,6250,0.127703,0.9432,0.04898
303,1,0,2,3,3,6250,0.114502,0.91552,0.0519675
304,1,0,3,0,0,6250,0.202923,0.97776,0.025295
305,1,0,3,0,1,6250,0.261715,0.9816,0.0259225
306,1,0,3,0,2,6250,0.227087,0.96928,0.0280525
307,1,0,3,0,3,6250,0.253834,0.94928,0.029505
308,1,0,3,1,0,6250,0.174424,0.97744,0.03586
309,1,0,3,1,1,6250,0.179367,0.97344,0.03555
310,1,0,3,1,2,6250,0.223666,0.95952,0.0378325
311,1,0,3,1,3,6250,0.21253,0.9392,0.03896
312,1,0,3,2,0,6250,0.162188,0.97184,0.046115
313,1,0,3,2,1,6250,0.176816,0.96432,0.04672
314,1,0,3,2,2,6250,0.195195,0.95472,0.0495625
315,1,0,3,2,3,6250,0.166618,0.92528,0.0510175
316,1,0,3,3,0,6250,0.164781,0.9616,0.057105
317,1,0,3,3,1,6250,0.16699,0.95552,0.0591475
318,1,0,3,3,2,6250,0.163145,0.94496,0.06208
319,1,0,3,3,3,6250,0.165894,0.90976,0.0644725
320,1,1,0,0,0,6250,0.0541302,0.93792,0.01258
321,1,1,0,0,1,6250,0.0498911,0.964,0.01182
322,1,1,0,0,2,6250,0.0464828,0.97296,0.0114375
323,1,1,0,0,3,6250,0.0487613,0.96208,0.01284
324,1,1,0,1,0,6250,0.0581613,0.94384,0.015155
325,1,1,0,1,1,6250,0.0528088,0.96496,0.0156325
326,1,1,0,1,2,6250,0.051429,0.96848,0.0164
327,1,1,0,1,3,6250,0.0541718,0.9592,0.0175575
328,1,1,0,2,0,6250,0.067442,0.93744,0.0186575
329,1,1,0,2,1,6250,0.060608,0.96224,0.01811
330,1,1,0,2,2,6250,0.0599591,0.96272,0.019965
331,1,1,0,2,3,6250,0.0625536,0.95296,0.0226
332,1,1,0,3,0,6250,0.0791704,0.93552,0.02016
333,1,1,0,3,1,6250,0.0730418,0.96032,0.0206075
334,1,1,0,3,2,6250,0.07241,0.96256,0.0235925
335,1,1,0,3,3,6250,0.0765237,0.9488,0.0280125
336,1,1,1,0,0,6250,0.0671501,0.95024,0.01512
337,1,1,1,0,1,6250,0.0594172,0.9744,0.01433
338,1,1,1,0,2,6250,0.0752164,0.96976,0.013025
339,1,1,1,0,3,6250,0.0676426,0.9608,0.0133325
340,1,1,1,1,0,6250,0.0625019,0.95264,0.02126
341,1,1,1,1,1,6250,0.0627249,0.97248,0.0191225
342,1,1,1,1,2,6250,0.0545651,0.9688,0.018845
343,1,1,1,1,3,6250,0.0682365,0.95984,0.0178075
344,1,1,1,2,0,6250,0.0724991,0.94608,0.0268875
345,1,1,1,2,1,6250,0.0659188,0.96736,0.0252675
346,1,1,1,2,2,6250,0.0649507,0.96896,0.0239375
347,1,1,1,2,3,6250,0.0661829,0.95344,0.0254225
348,1,1,1,3,0,6250,0.091348,0.93632,0.0341925
349,1,1,1,3,1,6250,0.0909753,0.95536,0.0309775
350,1,1,1,3,2,6250,0.085952,0.96064,0.0305975
351,1,1,1,3,3,6250,0.0839654,0.948,0.0335725
352,1,1,2,0,0,6250,0.10926,0.95968,0.02147
353,1,1,2,0,1,6250,0.10255,0.97648,0.0189075
354,1,1,2,0,2,6250,0.149028,0.972,0.0183575
355,1,1,2,0,3,6250,0.12796,0.96384,0.0185725
356,1,1,2,1,0,6250,0.0987866,0.95312,0.0316375
357,1,1,2,1,1,6250,0.10428,0.97488,0.02709
358,1,1,2,1,2,6250,0.106731,0.96832,0.0266675
359,1,1,2,1,3,6250,0.0946726,0.96224,0.0259325
360,1,1,2,2,0,6250,0.0852704,0.9456,0.0377075
361,1,1,2,2,1,6250,0.0833537,0.96288,0.03538
362,1,1,2,2,2,6250,0.0943995,0.96752,0.03453
363,1,1,2,2,3,6250,0.109904,0.95504,0.035245
364,1,1,2,3,0,6250,0.118047,0.93408,0.04669
365,1,1,2,3,1,6250,0.124293,0.95776,0.0437175
366,1,1,2,3,2,6250,0.099143,0.9592,0.0433025
367,1,1,2,3,3,6250,0.107773,0.94544,0.0448375
368,1,1,3,0,0,6250,0.184934,0.9616,0.0276875
369,1,1,3,0,1,6250,0.18291,0.972,0.023955
370,1,1,3,0,2,6250,0.30715,0.97408,0.02403
371,1,1,3,0,3,6250,0.163465,0.96112,0.025245
372,1,1,3,1,0,6250,0.1356,0.94544,0.039875
373,1,1,3,1,1,6250,0.152747,0.96784,0.036125
374,1,1,3,1,2,6250,0.186209,0.96928,0.034405
375,1,1,3,1,3,6250,0.211224,0.95712,0.034805
376,1,1,3,2,0,6250,0.137127,0.9416,0.048155
377,1,1,3,2,1,6250,0.13327,0.96272,0.045435
378,1,1,3,2,2,6250,0.199889,0.96,0.045415
379,1,1,3,2,3,6250,0.237884,0.952,0.046995
380,1,1,3,3,0,6250,0.197832,0.92784,0.0595375
381,1,1,3,3,1,6250,0.184815,0.94896,0.0581025
382,1,1,3,3,2,6250,0.180979,0.9536,0.058405
383,1,1,3,3,3,6250,0.154931,0.93504,0.057875
384,1,2,0,0,0,6250,0.0734834,0.8336,0.013765
385,1,2,0,0,1,6250,0.0559475,0.92832,0.01209
386,1,2,0,0,2,6250,0.0484986,0.95488,0.0119525
387,1,2,0,0,3,6250,0.0463433,0.95904,0.0114075
388,1,2,0,1,0,6250,0.0797202,0.83328,0.0179275
389,1,2,0,1,1,6250,0.0603912,0.92672,0.015485
390,1,2,0,1,2,6250,0.051183,0.95888,0.0150725
391,1,2,0,1,3,6250,0.0518071,0.95712,0.01485
392,1,2,0,2,0,6250,0.0858839,0.83648,0.0195625
393,1,2,0,2,1,6250,0.0670918,0.9304,0.0172425
394,1,2,0,2,2,6250,0.0600587,0.9584,0.01745
395,1,2,0,2,3,6250,0.0587611,0.95392,0.0176875
396,1,2,0,3,0,6250,0.0986421,0.84752,0.022595
397,1,2,0,3,1,6250,0.0791923,0.93216,0.0195525
398,1,2,0,3,2,6250,0.0692227,0.96,0.020105
399,1,2,0,3,3,6250,0.0717777,0.95056,0.0232925
400,1,2,1,0,0,6250,0.0833697,0.87696,0.01875
401,1,2,1,0,1,6250,0.0664048,0.94496,0.015485
402,1,2,1,0,2,6250,0.0564753,0.96336,0.01313
403,1,2,1,0,3,6250,0.0597131,0.96064,0.01202
404,1,2,1,1,0,6250,0.0879675,0.84688,0.026555
405,1,2,1,1,1,6250,0.0655687,0.94384,0.020345
406,1,2,1,1,2,6250,0.0532228,0.96272,0.0183525
407,1,2,1,1,3,6250,0.0527273,0.9616,0.016325
408,1,2,1,2,0,6250,0.0925136,0.85744,0.03101
409,1,2,1,2,1,6250,0.0773446,0.93328,0.02599
410,1,2,1,2,2,6250,0.0687372,0.96256,0.0231775
411,1,2,1,2,3,6250,0.0668954,0.95616,0.0224925
412,1,2,1,3,0,6250,0.119555,0.85472,0.0386725
413,1,2,1,3,1,6250,0.0958593,0.92768,0.03247
414,1,2,1,3,2,6250,0.0822576,0.9576,0.030685
415,1,2,1,3,3,6250,0.0846062,0.94736,0.030525
416,1,2,2,0,0,6250,0.120882,0.87904,0.0260725
417,1,2,2,0,1,6250,0.106357,0.9488,0.02056
418,1,2,2,0,2,6250,0.133276,0.96736,0.01805
419,1,2,2,0,3,6250,0.132136,0.96,0.0166975
420,1,2,2,1,0,6250,0.0998036,0.87424,0.035845
421,1,2,2,1,1,6250,0.119303,0.94784,0.0304825
422,1,2,2,1,2,6250,0.0992268,0.96576,0.0265175
423,1,2,2,1,3,6250,0.0881871,0.96288,0.02433
424,1,2,2,2,0,6250,0.102655,0.86032,0.04444
425,1,2,2,2,1,6250,0.111001,0.93872,0.03869
426,1,2,2,2,2,6250,0.088983,0.95872,0.0347625
427,1,2,2,2,3,6250,0.0969965,0.96032,0.0316975
428,1,2,2,3,0,6250,0.131921,0.8424,0.0553225
429,1,2,2,3,1,6250,0.133098,0.92352,0.0476725
430,1,2,2,3,2,6250,0.0995,0.94592,0.04256
431,1,2,2,3,3,6250,0.102393,0.948,0.0424225
432,1,2,3,0,0,6250,0.174915,0.88368,0.0330475
433,1,2,3,0,1,6250,0.167652,0.94976,0.0264775
434,1,2,3,0,2,6250,0.208276,0.97072,0.023885
435,1,2,3,0,3,6250,0.212413,0.96144,0.022625
436,1,2,3,1,0,6250,0.19797,0.87616,0.0453775
437,1,2,3,1,1,6250,0.193414,0.94384,0.0387125
438,1,2,3,1,2,6250,0.1712,0.96144,0.0338675
439,1,2,3,1,3,6250,0.153959,0.95664,0.03318
440,1,2,3,2,0,6250,0.196613,0.85088,0.0575775
441,1,2,3,2,1,6250,0.192647,0.93696,0.050515
442,1,2,3,2,2,6250,0.149367,0.95136,0.0458675
443,1,2,3,2,3,6250,0.157007,0.95328,0.04301
444,1,2,3,3,0,6250,0.21803,0.82928,0.0676
445,1,2,3,3,1,6250,0.181439,0.93136,0.059225
446,1,2,3,3,2,6250,0.170413,0.94928,0.05713
447,1,2,3,3,3,6250,0.168674,0.94368,0.0547775
448,1,3,0,0,0,6250,0.10253,0.64048,0.01691
449,1,3,0,0,1,6250,0.0704125,0.85248,0.0131825
450,1,3,0,0,2,6250,0.0550254,0.9264,0.0123525
451,1,3,0,0,3,6250,0.0479623,0.94496,0.0115225
452,1,3,0,1,0,6250,0.109692,0.62352,0.02006
453,1,3,0,1,1,6250,0.0745652,0.844,0.0161925
454,1,3,0,1,2,6250,0.0570304,0.93232,0.014555
455,1,3,0,1,3,6250,0.0513215,0.9456,0.01385
456,1,3,0,2,0,6250,0.117151,0.64336,0.02372
457,1,3,0,2,1,6250,0.0814888,0.86032,0.0182575
458,1,3,0,2,2,6250,0.0644641,0.93456,0.01624
459,1,3,0,2,3,6250,0.0582393,0.95232,0.0170125
460,1,3,0,3,0,6250,0.129101,0.64928,0.02604
461,1,3,0,3,1,6250,0.0920952,0.87184,0.0217075
462,1,3,0,3,2,6250,0.076007,0.94112,0.018305
463,1,3,0,3,3,6250,0.0690302,0.94944,0.0197175
464,1,3,1,0,0,6250,0.107313,0.69216,0.024175
465,1,3,1,0,1,6250,0.0787595,0.88624,0.018155
466,1,3,1,0,2,6250,0.0682924,0.94432,0.0137525
467,1,3,1,0,3,6250,0.0642675,0.96192,0.01206
468,1,3,1,1,0,6250,0.115751,0.66816,0.0328225
469,1,3,1,1,1,6250,0.0797764,0.88272,0.0247725
470,1,3,1,1,2,6250,0.0624915,0.94608,0.0193225
471,1,3,1,1,3,6250,0.058888,0.95584,0.0170425
472,1,3,1,2,0,6250,0.12644,0.6672,0.0393175
473,1,3,1,2,1,6250,0.0946991,0.8856,0.02946
474,1,3,1,2,2,6250,0.0734399,0.93936,0.0248625
475,1,3,1,2,3,6250,0.0673632,0.95856,0.0225175
476,1,3,1,3,0,6250,0.153643,0.65168,0.04903
477,1,3,1,3,1,6250,0.11552,0.87184,0.0359925
478,1,3,1,3,2,6250,0.0931251,0.93584,0.03048
479,1,3,1,3,3,6250,0.0798425,0.94496,0.0273625
480,1,3,2,0,0,6250,0.148776,0.7208,0.0323175
481,1,3,2,0,1,6250,0.131771,0.9,0.023145
482,1,3,2,0,2,6250,0.116335,0.95184,0.01866
483,1,3,2,0,3,6250,0.153498,0.96144,0.0164
484,1,3,2,1,0,6250,0.154953,0.69488,0.043995
485,1,3,2,1,1,6250,0.112779,0.89152,0.0343825
486,1,3,2,1,2,6250,0.130585,0.94864,0.027545
487,1,3,2,1,3,6250,0.110653,0.95728,0.024435
488,1,3,2,2,0,6250,0.158547,0.66096,0.0557
489,1,3,2,2,1,6250,0.109097,0.87888,0.04235
490,1,3,2,2,2,6250,0.0990556,0.94416,0.0364575
491,1,3,2,2,3,6250,0.123253,0.95472,0.03226
492,1,3,2,3,0,6250,0.176783,0.65392,0.066635
493,1,3,2,3,1,6250,0.142171,0.87168,0.05307
494,1,3,2,3,2,6250,0.110757,0.93344,0.04508
495,1,3,2,3,3,6250,0.10318,0.94384,0.0394275
496,1,3,3,0,0,6250,0.21482,0.72992,0.04117
497,1,3,3,0,1,6250,0.281599,0.90224,0.0297925
498,1,3,3,0,2,6250,0.231117,0.95312,0.02313
499,1,3,3,0,3,6250,0.237198,0.96,0.02282
500,1,3,3,1,0,6250,0.228412,0.67968,0.0568325
501,1,3,3,1,1,6250,0.251115,0.89696,0.0428925
502,1,3,3,1,2,6250,0.226882,0.94704,0.0371375
503,1,3,3,1,3,6250,0.167628,0.95184,0.0321
504,1,3,3,2,0,6250,0.17748,0.6552,0.0680925
505,1,3,3,2,1,6250,0.195743,0.87536,0.05406
506,1,3,3,2,2,6250,0.195785,0.93888,0.0472225
507,1,3,3,2,3,6250,0.211249,0.95152,0.0429675
508,1,3,3,3,0,6250,0.248757,0.65168,0.080245
509,1,3,3,3,1,6250,0.165763,0.8672,0.0662875
510,1,3,3,3,2,6250,0.208954,0.9312,0.0569575
511,1,3,3,3,3,6250,0.134199,0.94272,0.0523775
512,2,0,0,0,0,6250,0.0506213,0.9576,0.0132875
513,2,0,0,0,1,6250,0.0526629,0.94848,0.01319
514,2,0,0,0,2,6250,0.0543464,0.91808,0.014375
515,2,0,0,0,3,6250,0.0601485,0.8744,0.0162925
516,2,0,0,1,0,6250,0.0568455,0.9608,0.0166425
517,2,0,0,1,1,6250,0.0563076,0.9472,0.018315
518,2,0,0,1,2,6250,0.0615016,0.91568,0.019255
519,2,0,0,1,3,6250,0.0647355,0.86496,0.0234975
520,2,0,0,2,0,6250,0.0640282,0.95424,0.0196525
521,2,0,0,2,1,6250,0.0644583,0.94192,0.0224725
522,2,0,0,2,2,6250,0.0685641,0.90704,0.0253875
523,2,0,0,2,3,6250,0.0740515,0.85424,0.029095
524,2,0,0,3,0,6250,0.0740388,0.95712,0.02244
525,2,0,0,3,1,6250,0.0768846,0.94016,0.0254425
526,2,0,0,3,2,6250,0.0799858,0.90336,0.02917
527,2,0,0,3,3,6250,0.0855954,0.84512,0.0352
528,2,0,1,0,0,6250,0.0573649,0.96448,0.0137725
529,2,0,1,0,1,6250,0.0680775,0.94848,0.0136
530,2,0,1,0,2,6250,0.0732883,0.92112,0.0147775
531,2,0,1,0,3,6250,0.0796805,0.87568,0.0159825
532,2,0,1,1,0,6250,0.0628945,0.95856,0.018855
533,2,0,1,1,1,6250,0.0673647,0.94128,0.0194575
534,2,0,1,1,2,6250,0.0806417,0.91232,0.0214975
535,2,0,1,1,3,6250,0.0804591,0.87696,0.022655
536,2,0,1,2,0,6250,0.0716742,0.9552,0.0253875
537,2,0,1,2,1,6250,0.07258,0.9408,0.02599
538,2,0,1,2,2,6250,0.0784,0.90496,0.0277475
539,2,0,1,2,3,6250,0.0794489,0.85312,0.0312875
540,2,0,1,3,0,6250,0.0957733,0.94816,0.0317825
541,2,0,1,3,1,6250,0.0994024,0.92928,0.0340575
542,2,0,1,3,2,6250,0.095667,0.89184,0.0364575
543,2,0,1,3,3,6250,0.0996786,0.83728,0.039015
544,2,0,2,0,0,6250,0.101131,0.96384,0.0192975
545,2,0,2,0,1,6250,0.115056,0.94848,0.0192775
546,2,0,2,0,2,6250,0.0890597,0.91952,0.02005
547,2,0,2,0,3,6250,0.166277,0.88144,0.022695
548,2,0,2,1,0,6250,0.0947945,0.9624,0.02734
549,2,0,2,1,1,6250,0.12807,0.94352,0.02727
550,2,0,2,1,2,6250,0.10142,0.9136,0.0280075
551,2,0,2,1,3,6250,0.110951,0.87184,0.0303325
552,2,0,2,2,0,6250,0.0922624,0.95712,0.033945
553,2,0,2,2,1,6250,0.136425,0.9344,0.0353
554,2,0,2,2,2,6250,0.107615,0.91312,0.0368525
555,2,0,2,2,3,6250,0.101915,0.8576,0.0401175
556,2,0,2,3,0,6250,0.113003,0.94608,0.0428925
557,2,0,2,3,1,6250,0.108253,0.92672,0.0435425
558,2,0,2,3,2,6250,0.1178,0.89792,0.0477275
559,2,0,2,3,3,6250,0.111305,0.84176,0.050335
560,2,0,3,0,0,6250,0.127935,0.96464,0.02503
561,2,0,3,0,1,6250,0.248444,0.95008,0.02614
562,2,0,3,0,2,6250,0.273,0.92256,0.0284125
563,2,0,3,0,3,6250,0.338421,0.87824,0.0301425
564,2,0,3,1,0,6250,0.194492,0.96112,0.03495
565,2,0,3,1,1,6250,0.173164,0.93744,0.0360375
566,2,0,3,1,2,6250,0.207368,0.91408,0.0368725
567,2,0,3,1,3,6250,0.189628,0.87216,0.0389425
568,2,0,3,2,0,6250,0.160928,0.9552,0.0445725
569,2,0,3,2,1,6250,0.213486,0.936,0.045965
570,2,0,3,2,2,6250,0.197544,0.90272,0.04743
571,2,0,3,2,3,6250,0.165347,0.85632,0.0478475
572,2,0,3,3,0,6250,0.207453,0.94704,0.056175
573,2,0,3,3,1,6250,0.223392,0.92048,0.05765
574,2,0,3,3,2,6250,0.16654,0.89584,0.0604425
575,2,0,3,3,3,6250,0.179538,0.83824,0.0631725
576,2,1,0,0,0,6250,0.0579878,0.91776,0.0124075
577,2,1,0,0,1,6250,0.0529011,0.93632,0.01223
578,2,1,0,0,2,6250,0.0509405,0.91248,0.012025
579,2,1,0,0,3,6250,0.0535628,0.89552,0.0130425
580,2,1,0,1,0,6250,0.0609435,0.92432,0.01504
581,2,1,0,1,1,6250,0.0552762,0.9272,0.0146325
582,2,1,0,1,2,6250,0.0551879,0.91856,0.0160475
583,2,1,0,1,3,6250,0.0564395,0.88672,0.0167775
584,2,1,0,2,0,6250,0.0688341,0.92112,0.0184425
585,2,1,0,2,1,6250,0.063132,0.93152,0.0178125
586,2,1,0,2,2,6250,0.0636429,0.91168,0.0192
587,2,1,0,2,3,6250,0.0669819,0.87184,0.0228125
588,2,1,0,3,0,6250,0.0798612,0.92624,0.0194675
589,2,1,0,3,1,6250,0.0743531,0.93168,0.0201775
590,2,1,0,3,2,6250,0.0746486,0.91552,0.02239
591,2,1,0,3,3,6250,0.0775335,0.88112,0.025995
592,2,1,1,0,0,6250,0.0700542,0.9416,0.01532
593,2,1,1,0,1,6250,0.0592071,0.94304,0.013965
594,2,1,1,0,2,6250,0.0773548,0.9248,0.0131625
595,2,1,1,0,3,6250,0.0684756,0.89104,0.0130375
596,2,1,1,1,0,6250,0.0642906,0.93712,0.0211375
597,2,1,1,1,1,6250,0.0580403,0.9424,0.0191275
598,2,1,1,1,2,6250,0.0681392,0.91744,0.01772
599,2,1,1,1,3,6250,0.0717262,0.89024,0.0186275
600,2,1,1,2,0,6250,0.0790287,0.93104,0.02627
601,2,1,1,2,1,6250,0.070495,0.9328,0.0238675
602,2,1,1,2,2,6250,0.0688663,0.91888,0.0238375
603,2,1,1,2,3,6250,0.0779128,0.88704,0.02582
604,2,1,1,3,0,6250,0.0958115,0.92192,0.032315
605,2,1,1,3,1,6250,0.087705,0.92736,0.031
606,2,1,1,3,2,6250,0.0863131,0.91104,0.0304725
607,2,1,1,3,3,6250,0.09115,0.86976,0.033015
608,2,1,2,0,0,6250,0.100357,0.94352,0.021495
609,2,1,2,0,1,6250,0.124859,0.94656,0.018245
610,2,1,2,0,2,6250,0.151564,0.92592,0.0179375
611,2,1,2,0,3,6250,0.176578,0.89024,0.0188375
612,2,1,2,1,0,6250,0.097181,0.9344,0.0306525
613,2,1,2,1,1,6250,0.118412,0.94208,0.02763
614,2,1,2,1,2,6250,0.119776,0.92608,0.0255225
615,2,1,2,1,3,6250,0.108584,0.88208,0.0259425
616,2,1,2,2,0,6250,0.0996267,0.924,0.037935
617,2,1,2,2,1,6250,0.0972392,0.93872,0.035105
618,2,1,2,2,2,6250,0.116168,0.91888,0.03362
619,2,1,2,2,3,6250,0.113228,0.8792,0.03429
620,2,1,2,3,0,6250,0.118916,0.91376,0.046185
621,2,1,2,3,1,6250,0.125754,0.92384,0.042655
622,2,1,2,3,2,6250,0.104717,0.91136,0.04306
623,2,1,2,3,3,6250,0.137081,0.87344,0.0432
624,2,1,3,0,0,6250,0.194153,0.936,0.0272375
625,2,1,3,0,1,6250,0.276494,0.94816,0.02497
626,2,1,3,0,2,6250,0.202368,0.92352,0.0243175
627,2,1,3,0,3,6250,0.250862,0.89392,0.0252575
628,2,1,3,1,0,6250,0.143302,0.9408,0.037675
629,2,1,3,1,1,6250,0.200936,0.93808,0.0348125
630,2,1,3,1,2,6250,0.222799,0.9224,0.0334525
631,2,1,3,1,3,6250,0.18567,0.888,0.034615
632,2,1,3,2,0,6250,0.166049,0.92448,0.04651
633,2,1,3,2,1,6250,0.160032,0.93408,0.04486
634,2,1,3,2,2,6250,0.174305,0.91408,0.04426
635,2,1,3,2,3,6250,0.158148,0.87536,0.04428
636,2,1,3,3,0,6250,0.173416,0.91536,0.05953
637,2,1,3,3,1,6250,0.192234,0.92496,0.056125
638,2,1,3,3,2,6250,0.152848,0.9032,0.0558525
639,2,1,3,3,3,6250,0.158752,0.86704,0.0561125
640,2,2,0,0,0,6250,0.0769581,0.82368,0.013885
641,2,2,0,0,1,6250,0.0600852,0.89504,0.0121075
642,2,2,0,0,2,6250,0.0510344,0.91136,0.0118925
643,2,2,0,0,3,6250,0.0498943,0.88272,0.01178
644,2,2,0,1,0,6250,0.0827305,0.8224,0.01726
645,2,2,0,1,1,6250,0.0638838,0.89808,0.01524
646,2,2,0,1,2,6250,0.0564554,0.90656,0.01475
647,2,2,0,1,3,6250,0.0550052,0.8864,0.0147975
648,2,2,0,2,0,6250,0.0882918,0.82256,0.01909
649,2,2,0,2,1,6250,0.0706631,0.89584,0.0172875
650,2,2,0,2,2,6250,0.0621805,0.91056,0.01751
651,2,2,0,2,3,6250,0.0624368,0.88448,0.0188075
652,2,2,0,3,0,6250,0.0992313,0.8312,0.020695
653,2,2,0,3,1,6250,0.081263,0.9072,0.0196
654,2,2,0,3,2,6250,0.0736724,0.91024,0.0199925
655,2,2,0,3,3,6250,0.0739627,0.8904,0.0227275
656,2,2,1,0,0,6250,0.0849182,0.84944,0.0193325
657,2,2,1,0,1,6250,0.0661202,0.91936,0.015095
658,2,2,1,0,2,6250,0.0666224,0.91824,0.0134025
659,2,2,1,0,3,6250,0.0656213,0.89488,0.0119125
660,2,2,1,1,0,6250,0.0912691,0.852,0.0256175
661,2,2,1,1,1,6250,0.0664801,0.9104,0.02023
662,2,2,1,1,2,6250,0.0668927,0.91648,0.01799
663,2,2,1,1,3,6250,0.0638503,0.88976,0.0168575
664,2,2,1,2,0,6250,0.102438,0.83808,0.0318075
665,2,2,1,2,1,6250,0.0811621,0.9088,0.0261575
666,2,2,1,2,2,6250,0.07445,0.91488,0.022945
667,2,2,1,2,3,6250,0.0824403,0.88464,0.022975
668,2,2,1,3,0,6250,0.120926,0.83216,0.03829
669,2,2,1,3,1,6250,0.0965351,0.89872,0.0317975
670,2,2,1,3,2,6250,0.0820005,0.9056,0.02892
671,2,2,1,3,3,6250,0.0853392,0.87712,0.0293775
672,2,2,2,0,0,6250,0.121777,0.86416,0.02513
673,2,2,2,0,1,6250,0.149191,0.92096,0.0205325
674,2,2,2,0,2,6250,0.153292,0.92192,0.0182275
675,2,2,2,0,3,6250,0.0998232,0.88544,0.017265
676,2,2,2,1,0,6250,0.14193,0.85616,0.03674
677,2,2,2,1,1,6250,0.111841,0.91136,0.0289925
678,2,2,2,1,2,6250,0.0999502,0.92032,0.02586
679,2,2,2,1,3,6250,0.0905169,0.88864,0.023295
680,2,2,2,2,0,6250,0.119255,0.8464,0.0438425
681,2,2,2,2,1,6250,0.111212,0.90832,0.037985
682,2,2,2,2,2,6250,0.112285,0.91552,0.033545
683,2,2,2,2,3,6250,0.0968823,0.8824,0.030695
684,2,2,2,3,0,6250,0.141945,0.83344,0.0525675
685,2,2,2,3,1,6250,0.110964,0.89584,0.04534
686,2,2,2,3,2,6250,0.126999,0.90624,0.0412025
687,2,2,2,3,3,6250,0.11169,0.8768,0.040465
688,2,2,3,0,0,6250,0.2107,0.86448,0.032845
689,2,2,3,0,1,6250,0.224544,0.9224,0.02658
690,2,2,3,0,2,6250,0.306438,0.92336,0.0238025
691,2,2,3,0,3,6250,0.22594,0.8936,0.0221325
692,2,2,3,1,0,6250,0.190087,0.86064,0.044765
693,2,2,3,1,1,6250,0.205675,0.91968,0.0374925
694,2,2,3,1,2,6250,0.236573,0.91776,0.03313
695,2,2,3,1,3,6250,0.270131,0.88224,0.0317
696,2,2,3,2,0,6250,0.183434,0.84096,0.0559575
697,2,2,3,2,1,6250,0.199642,0.9144,0.04706
698,2,2,3,2,2,6250,0.157465,0.90272,0.04339
699,2,2,3,2,3,6250,0.146156,0.89184,0.04101
700,2,2,3,3,0,6250,0.179003,0.83424,0.06451
701,2,2,3,3,1,6250,0.178759,0.8968,0.058815
702,2,2,3,3,2,6250,0.180562,0.90096,0.053825
703,2,2,3,3,3,6250,0.156826,0.87136,0.052305
704,2,3,0,0,0,6250,0.105966,0.63472,0.0156775
705,2,3,0,0,1,6250,0.0744446,0.8208,0.0135475
706,2,3,0,0,2,6250,0.0595038,0.88288,0.0117925
707,2,3,0,0,3,6250,0.0523169,0.87936,0.011
708,2,3,0,1,0,6250,0.109995,0.62176,0.0200475
709,2,3,0,1,1,6250,0.0775713,0.82912,0.0162575
710,2,3,0,1,2,6250,0.0603017,0.8856,0.0140325
711,2,3,0,1,3,6250,0.0538272,0.8808,0.01379
712,2,3,0,2,0,6250,0.118977,0.63504,0.023035
713,2,3,0,2,1,6250,0.0842773,0.84,0.01819
714,2,3,0,2,2,6250,0.0677797,0.88208,0.017115
715,2,3,0,2,3,6250,0.0612448,0.87936,0.0166675
716,2,3,0,3,0,6250,0.129905,0.64208,0.02607
717,2,3,0,3,1,6250,0.0944563,0.84448,0.01997
718,2,3,0,3,2,6250,0.0780837,0.89056,0.0190325
719,2,3,0,3,3,6250,0.0714211,0.88,0.0197525
720,2,3,1,0,0,6250,0.107329,0.68576,0.023665
721,2,3,1,0,1,6250,0.0810811,0.85744,0.0172525
722,2,3,1,0,2,6250,0.0743655,0.89856,0.0145825
723,2,3,1,0,3,6250,0.067718,0.89168,0.0119125
724,2,3,1,1,0,6250,0.12046,0.64944,0.03125
725,2,3,1,1,1,6250,0.0850688,0.85456,0.0247575
726,2,3,1,1,2,6250,0.0744502,0.90336,0.0186625
727,2,3,1,1,3,6250,0.0644278,0.88688,0.0161375
728,2,3,1,2,0,6250,0.127768,0.64912,0.040735
729,2,3,1,2,1,6250,0.0896379,0.8568,0.0293575
730,2,3,1,2,2,6250,0.0792389,0.89152,0.0239075
731,2,3,1,2,3,6250,0.0701441,0.88176,0.0213825
732,2,3,1,3,0,6250,0.159691,0.63424,0.0479075
733,2,3,1,3,1,6250,0.110587,0.85216,0.0356725
734,2,3,1,3,2,6250,0.0905155,0.89088,0.029045
735,2,3,1,3,3,6250,0.0854262,0.8784,0.0273175
736,2,3,2,0,0,6250,0.13946,0.70464,0.0314775
737,2,3,2,0,1,6250,0.123763,0.87312,0.02389
738,2,3,2,0,2,6250,0.135589,0.90128,0.018425
739,2,3,2,0,3,6250,0.1845,0.88832,0.016605
740,2,3,2,1,0,6250,0.14426,0.6752,0.04527
741,2,3,2,1,1,6250,0.107796,0.87392,0.0344675
742,2,3,2,1,2,6250,0.0970022,0.90256,0.02657
743,2,3,2,1,3,6250,0.0851718,0.88496,0.02257
744,2,3,2,2,0,6250,0.153482,0.65184,0.054215
745,2,3,2,2,1,6250,0.113535,0.85456,0.0421725
746,2,3,2,2,2,6250,0.101937,0.89712,0.033905
747,2,3,2,2,3,6250,0.114697,0.8816,0.0315825
748,2,3,2,3,0,6250,0.178936,0.64608,0.06357
749,2,3,2,3,1,6250,0.142851,0.84128,0.0501425
750,2,3,2,3,2,6250,0.114219,0.8912,0.0426
751,2,3,2,3,3,6250,0.117415,0.8744,0.03855
752,2,3,3,0,0,6250,0.254038,0.71456,0.0408675
753,2,3,3,0,1,6250,0.231845,0.86976,0.0303425
754,2,3,3,0,2,6250,0.298608,0.89952,0.0240225
755,2,3,3,0,3,6250,0.208877,0.89488,0.02135
756,2,3,3,1,0,6250,0.232317,0.68576,0.055085
757,2,3,3,1,1,6250,0.223797,0.86416,0.0431625
758,2,3,3,1,2,6250,0.144188,0.89408,0.0346475
759,2,3,3,1,3,6250,0.178519,0.87936,0.0320225
760,2,3,3,2,0,6250,0.241191,0.65104,0.0657275
761,2,3,3,2,1,6250,0.141536,0.85584,0.0509125
762,2,3,3,2,2,6250,0.168945,0.89504,0.0448675
763,2,3,3,2,3,6250,0.131183,0.87744,0.0402775
764,2,3,3,3,0,6250,0.252576,0.63328,0.0796475
765,2,3,3,3,1,6250,0.198208,0.83856,0.0640275
766,2,3,3,3,2,6250,0.158239,0.884,0.0558075
767,2,3,3,3,3,6250,0.179541,0.87376,0.05168
768,3,0,0,0,0,6250,0.0521386,0.91408,0.0130625
769,3,0,0,0,1,6250,0.0526982,0.89072,0.01336
770,3,0,0,0,2,6250,0.0575306,0.8256,0.0139275
771,3,0,0,0,3,6250,0.0636403,0.7776,0.01659
772,3,0,0,1,0,6250,0.056704,0.91024,0.016235
773,3,0,0,1,1,6250,0.0583011,0.88096,0.0178625
774,3,0,0,1,2,6250,0.0645269,0.83584,0.0206275
775,3,0,0,1,3,6250,0.0687801,0.78016,0.0237475
776,3,0,0,2,0,6250,0.0653523,0.916,0.02007
777,3,0,0,2,1,6250,0.0672983,0.87696,0.02162
778,3,0,0,2,2,6250,0.0728614,0.83568,0.0251025
779,3,0,0,2,3,6250,0.0769571,0.7752,0.0295125
780,3,0,0,3,0,6250,0.0769565,0.91296,0.02279
781,3,0,0,3,1,6250,0.0789303,0.87392,0.026305
782,3,0,0,3,2,6250,0.0823982,0.82832,0.02864
783,3,0,0,3,3,6250,0.0886926,0.76288,0.0326575
784,3,0,1,0,0,6250,0.0686777,0.92672,0.0145925
785,3,0,1,0,1,6250,0.0734863,0.8888,0.014075
786,3,0,1,0,2,6250,0.0721209,0.836,0.014775
787,3,0,1,0,3,6250,0.0845199,0.7912,0.0164325
788,3,0,1,1,0,6250,0.0613653,0.92112,0.01947
789,3,0,1,1,1,6250,0.0750858,0.88944,0.019755
790,3,0,1,1,2,6250,0.0799558,0.83984,0.0213575
791,3,0,1,1,3,6250,0.0774641,0.77632,0.023025
792,3,0,1,2,0,6250,0.0703038,0.92016,0.0248425
793,3,0,1,2,1,6250,0.0730844,0.88256,0.025315
794,3,0,1,2,2,6250,0.0769571,0.82944,0.02748
795,3,0,1,2,3,6250,0.0899239,0.76432,0.03088
796,3,0,1,3,0,6250,0.0962734,0.91536,0.0311225
797,3,0,1,3,1,6250,0.0893496,0.87376,0.0327
798,3,0,1,3,2,6250,0.0974092,0.81872,0.0346375
799,3,0,1,3,3,6250,0.103752,0.75616,0.0374325
800,3,0,2,0,0,6250,0.106754,0.92016,0.01925
801,3,0,2,0,1,6250,0.115386,0.892,0.019655
802,3,0,2,0,2,6250,0.129235,0.84672,0.019815
803,3,0,2,0,3,6250,0.176431,0.77792,0.0226625
804,3,0,2,1,0,6250,0.10895,0.92,0.027115
805,3,0,2,1,1,6250,0.100421,0.88624,0.0262625
806,3,0,2,1,2,6250,0.127174,0.83472,0.027865
807,3,0,2,1,3,6250,0.136064,0.77296,0.0296775
808,3,0,2,2,0,6250,0.093668,0.91456,0.033405
809,3,0,2,2,1,6250,0.11188,0.884,0.03607
810,3,0,2,2,2,6250,0.144107,0.82944,0.036815
811,3,0,2,2,3,6250,0.120778,0.76816,0.0380675
812,3,0,2,3,0,6250,0.124957,0.9072,0.0427175
813,3,0,2,3,1,6250,0.132819,0.8672,0.04422
814,3,0,2,3,2,6250,0.113125,0.8248,0.0457775
815,3,0,2,3,3,6250,0.127404,0.75584,0.0494625
816,3,0,3,0,0,6250,0.243218,0.9248,0.0247025
817,3,0,3,0,1,6250,0.183316,0.88624,0.0254025
818,3,0,3,0,2,6250,0.288393,0.82992,0.0275075
819,3,0,3,0,3,6250,0.322584,0.78752,0.0310425
820,3,0,3,1,0,6250,0.154812,0.91696,0.0348525
821,3,0,3,1,1,6250,0.224168,0.88384,0.0351775
822,3,0,3,1,2,6250,0.242882,0.83184,0.0358675
823,3,0,3,1,3,6250,0.297385,0.7616,0.03777
824,3,0,3,2,0,6250,0.152801,0.9112,0.0442
825,3,0,3,2,1,6250,0.156289,0.87632,0.043905
826,3,0,3,2,2,6250,0.163922,0.82672,0.0467325
827,3,0,3,2,3,6250,0.172171,0.76896,0.048755
828,3,0,3,3,0,6250,0.189226,0.90368,0.0538725
829,3,0,3,3,1,6250,0.159612,0.8736,0.055475
830,3,0,3,3,2,6250,0.188431,0.82016,0.0586875
831,3,0,3,3,3,6250,0.162818,0.75632,0.05959
832,3,1,0,0,0,6250,0.0607551,0.87776,0.01324
833,3,1,0,0,1,6250,0.0526907,0.88016,0.0116775
834,3,1,0,0,2,6250,0.0528181,0.83856,0.0121425
835,3,1,0,0,3,6250,0.0603971,0.796,0.0127775
836,3,1,0,1,0,6250,0.063222,0.88384,0.015345
837,3,1,0,1,1,6250,0.0586999,0.87632,0.01462
838,3,1,0,1,2,6250,0.0575874,0.84416,0.0151125
839,3,1,0,1,3,6250,0.0601188,0.78992,0.0171525
840,3,1,0,2,0,6250,0.071751,0.88672,0.018025
841,3,1,0,2,1,6250,0.0655117,0.87424,0.0177325
842,3,1,0,2,2,6250,0.065894,0.83168,0.0196525
843,3,1,0,2,3,6250,0.0694013,0.78912,0.0225075
844,3,1,0,3,0,6250,0.0823071,0.88,0.019675
845,3,1,0,3,1,6250,0.0774733,0.87872,0.02062
846,3,1,0,3,2,6250,0.0766952,0.83456,0.02293
847,3,1,0,3,3,6250,0.0800311,0.78144,0.0272475
848,3,1,1,0,0,6250,0.0729515,0.90064,0.01616
849,3,1,1,0,1,6250,0.0723205,0.88688,0.0139375
850,3,1,1,0,2,6250,0.0718169,0.85344,0.0128325
851,3,1,1,0,3,6250,0.0702582,0.78736,0.0125275
852,3,1,1,1,0,6250,0.066401,0.89696,0.020545
853,3,1,1,1,1,6250,0.0659694,0.8816,0.018905
854,3,1,1,1,2,6250,0.0704966,0.83632,0.0174875
855,3,1,1,1,3,6250,0.0710615,0.78992,0.0177525
856,3,1,1,2,0,6250,0.0811114,0.89328,0.025925
857,3,1,1,2,1,6250,0.0793824,0.8776,0.023495
858,3,1,1,2,2,6250,0.0726148,0.83872,0.0238425
859,3,1,1,2,3,6250,0.0819831,0.796,0.024755
860,3,1,1,3,0,6250,0.0973888,0.88256,0.0314175
861,3,1,1,3,1,6250,0.0870538,0.87136,0.0298975
862,3,1,1,3,2,6250,0.0894687,0.83376,0.0298375
863,3,1,1,3,3,6250,0.0918981,0.7784,0.0325225
864,3,1,2,0,0,6250,0.136942,0.89696,0.0212025
865,3,1,2,0,1,6250,0.169225,0.87376,0.0195775
866,3,1,2,0,2,6250,0.155491,0.84368,0.0178125
867,3,1,2,0,3,6250,0.12749,0.78944,0.01783
868,3,1,2,1,0,6250,0.099984,0.9008,0.02983
869,3,1,2,1,1,6250,0.0950088,0.88624,0.026095
870,3,1,2,1,2,6250,0.101326,0.84096,0.0250425
871,3,1,2,1,3,6250,0.120473,0.79696,0.02513
872,3,1,2,2,0,6250,0.109688,0.89152,0.03636
873,3,1,2,2,1,6250,0.114922,0.88,0.0339475
874,3,1,2,2,2,6250,0.10024,0.82912,0.0326475
875,3,1,2,2,3,6250,0.112151,0.7824,0.0337
876,3,1,2,3,0,6250,0.133184,0.88224,0.0455425
877,3,1,2,3,1,6250,0.123604,0.86496,0.042635
878,3,1,2,3,2,6250,0.123983,0.82128,0.041545
879,3,1,2,3,3,6250,0.130723,0.77776,0.0426275
880,3,1,3,0,0,6250,0.198231,0.90144,0.02679
881,3,1,3,0,1,6250,0.260423,0.88928,0.024445
882,3,1,3,0,2,6250,0.216495,0.84832,0.023025
883,3,1,3,0,3,6250,0.16369,0.804,0.0251075
884,3,1,3,1,0,6250,0.188719,0.896,0.03833
885,3,1,3,1,1,6250,0.178221,0.884,0.0343875
886,3,1,3,1,2,6250,0.196931,0.83968,0.0337025
887,3,1,3,1,3,6250,0.21051,0.79392,0.03298
888,3,1,3,2,0,6250,0.179973,0.89136,0.0465575
889,3,1,3,2,1,6250,0.156763,0.87936,0.04427
890,3,1,3,2,2,6250,0.192914,0.83168,0.043315
891,3,1,3,2,3,6250,0.212502,0.784,0.0439875
892,3,1,3,3,0,6250,0.166999,0.87536,0.056975
893,3,1,3,3,1,6250,0.163521,0.8696,0.0545075
894,3,1,3,3,2,6250,0.167445,0.82896,0.0553075
895,3,1,3,3,3,6250,0.161041,0.77856,0.05526
896,3,2,0,0,0,6250,0.0787888,0.78464,0.0138175
897,3,2,0,0,1,6250,0.0611919,0.85216,0.012185
898,3,2,0,0,2,6250,0.0547526,0.83488,0.0111075
899,3,2,0,0,3,6250,0.0525464,0.79648,0.0116275
900,3,2,0,1,0,6250,0.0832378,0.78528,0.016335
901,3,2,0,1,1,6250,0.0648233,0.84432,0.01447
902,3,2,0,1,2,6250,0.0568745,0.83328,0.01354
903,3,2,0,1,3,6250,0.0574943,0.79664,0.01473
904,3,2,0,2,0,6250,0.0921328,0.79008,0.0194075
905,3,2,0,2,1,6250,0.0725346,0.84688,0.01702
906,3,2,0,2,2,6250,0.0649312,0.84192,0.0170425
907,3,2,0,2,3,6250,0.0662732,0.78496,0.018935
908,3,2,0,3,0,6250,0.102447,0.7912,0.022065
909,3,2,0,3,1,6250,0.0827733,0.8456,0.019245
910,3,2,0,3,2,6250,0.0773227,0.82224,0.0200925
911,3,2,0,3,3,6250,0.0767224,0.78432,0.0223275
912,3,2,1,0,0,6250,0.0851725,0.82528,0.0190925
913,3,2,1,0,1,6250,0.0795163,0.8624,0.0152125
914,3,2,1,0,2,6250,0.0661466,0.84704,0.01281
915,3,2,1,0,3,6250,0.082562,0.80032,0.01215
916,3,2,1,1,0,6250,0.0856202,0.80192,0.024355
917,3,2,1,1,1,6250,0.0687834,0.85712,0.0197275
918,3,2,1,1,2,6250,0.0793837,0.84064,0.0182275
919,3,2,1,1,3,6250,0.0728889,0.79136,0.0164575
920,3,2,1,2,0,6250,0.097584,0.79968,0.031385
921,3,2,1,2,1,6250,0.084099,0.85408,0.0259825
922,3,2,1,2,2,6250,0.0762525,0.83104,0.022515
923,3,2,1,2,3,6250,0.0666826,0.78816,0.02176
924,3,2,1,3,0,6250,0.124186,0.78912,0.037745
925,3,2,1,3,1,6250,0.101929,0.85072,0.03132
926,3,2,1,3,2,6250,0.094953,0.8248,0.028335
927,3,2,1,3,3,6250,0.0858141,0.78304,0.02842
928,3,2,2,0,0,6250,0.111054,0.82928,0.0265275
929,3,2,2,0,1,6250,0.125943,0.8648,0.0208125
930,3,2,2,0,2,6250,0.111429,0.8424,0.0174725
931,3,2,2,0,3,6250,0.142981,0.79856,0.016485
932,3,2,2,1,0,6250,0.136333,0.82448,0.034755
933,3,2,2,1,1,6250,0.106088,0.8624,0.027945
934,3,2,2,1,2,6250,0.122117,0.84128,0.0251725
935,3,2,2,1,3,6250,0.110512,0.79728,0.0232075
936,3,2,2,2,0,6250,0.119807,0.8104,0.045495
937,3,2,2,2,1,6250,0.125386,0.85104,0.03702
938,3,2,2,2,2,6250,0.0952926,0.84128,0.0329575
939,3,2,2,2,3,6250,0.11672,0.78528,0.03031
940,3,2,2,3,0,6250,0.146595,0.796,0.052565
941,3,2,2,3,1,6250,0.125378,0.8384,0.0445675
942,3,2,2,3,2,6250,0.107779,0.83168,0.0403625
943,3,2,2,3,3,6250,0.0974317,0.79184,0.0394675
944,3,2,3,0,0,6250,0.191672,0.83824,0.030995
945,3,2,3,0,1,6250,0.248432,0.85888,0.0264625
946,3,2,3,0,2,6250,0.221628,0.8456,0.02287
947,3,2,3,0,3,6250,0.278809,0.79264,0.0226325
948,3,2,3,1,0,6250,0.213516,0.82,0.0439225
949,3,2,3,1,1,6250,0.200585,0.86064,0.036935
950,3,2,3,1,2,6250,0.181055,0.83232,0.0314
951,3,2,3,1,3,6250,0.182403,0.79456,0.0307825
952,3,2,3,2,0,6250,0.170848,0.80608,0.0542175
953,3,2,3,2,1,6250,0.177612,0.85088,0.04756
954,3,2,3,2,2,6250,0.158535,0.82976,0.0422475
955,3,2,3,2,3,6250,0.17864,0.79456,0.04042
956,3,2,3,3,0,6250,0.188606,0.79968,0.06519
957,3,2,3,3,1,6250,0.2024,0.82544,0.0583675
958,3,2,3,3,2,6250,0.161107,0.82208,0.0525475
959,3,2,3,3,3,6250,0.157055,0.78048,0.0513175
960,3,3,0,0,0,6250,0.108115,0.60208,0.016245
961,3,3,0,0,1,6250,0.0776279,0.7624,0.013075
962,3,3,0,0,2,6250,0.0623549,0.80864,0.01197
963,3,3,0,0,3,6250,0.0563411,0.7832,0.0114375
964,3,3,0,1,0,6250,0.113173,0.59472,0.0187925
965,3,3,0,1,1,6250,0.0794695,0.78256,0.0155275
966,3,3,0,1,2,6250,0.0638802,0.80432,0.0144175
967,3,3,0,1,3,6250,0.0585167,0.79392,0.0140775
968,3,3,0,2,0,6250,0.122791,0.59056,0.0239175
969,3,3,0,2,1,6250,0.0851669,0.78576,0.01783
970,3,3,0,2,2,6250,0.0707154,0.80672,0.0174425
971,3,3,0,2,3,6250,0.064308,0.788,0.01647
972,3,3,0,3,0,6250,0.133992,0.60944,0.0256675
973,3,3,0,3,1,6250,0.0986548,0.79168,0.0193575
974,3,3,0,3,2,6250,0.0803206,0.81056,0.018995
975,3,3,0,3,3,6250,0.074859,0.78496,0.020825
976,3,3,1,0,0,6250,0.11638,0.64128,0.022965
977,3,3,1,0,1,6250,0.0905128,0.80768,0.016685
978,3,3,1,0,2,6250,0.0784866,0.82576,0.0141625
979,3,3,1,0,3,6250,0.0790223,0.79664,0.0117025
980,3,3,1,1,0,6250,0.114374,0.62752,0.03108
981,3,3,1,1,1,6250,0.0871656,0.8056,0.022775
982,3,3,1,1,2,6250,0.0782152,0.812,0.0194
983,3,3,1,1,3,6250,0.0680089,0.79104,0.0161425
984,3,3,1,2,0,6250,0.137022,0.62864,0.0386575
985,3,3,1,2,1,6250,0.0914339,0.80144,0.0283625
986,3,3,1,2,2,6250,0.0751746,0.82928,0.023065
987,3,3,1,2,3,6250,0.0733584,0.78464,0.0212075
988,3,3,1,3,0,6250,0.157308,0.61536,0.045855
989,3,3,1,3,1,6250,0.120337,0.78736,0.034625
990,3,3,1,3,2,6250,0.0911135,0.8168,0.0289425
991,3,3,1,3,3,6250,0.0886743,0.77712,0.02687
992,3,3,2,0,0,6250,0.15446,0.6648,0.03205
993,3,3,2,0,1,6250,0.115151,0.8128,0.02414
994,3,3,2,0,2,6250,0.124246,0.8376,0.017705
995,3,3,2,0,3,6250,0.138619,0.79104,0.01618
996,3,3,2,1,0,6250,0.145442,0.64208,0.0446225
997,3,3,2,1,1,6250,0.130946,0.81168,0.033045
998,3,3,2,1,2,6250,0.0988046,0.82912,0.0272225
999,3,3,2,1,3,6250,0.0933063,0.7904,0.0220175
1000,3,3,2,2,0,6250,0.142098,0.63392,0.05233
1001,3,3,2,2,1,6250,0.128659,0.804,0.040545
1002,3,3,2,2,2,6250,0.0864722,0.8184,0.03309
1003,3,3,2,2,3,6250,0.11484,0.79072,0.0302425
1004,3,3,2,3,0,6250,0.177601,0.61744,0.0631925
1005,3,3,2,3,1,6250,0.14716,0.78368,0.050205
1006,3,3,2,3,2,6250,0.106373,0.81504,0.0429225
1007,3,3,2,3,3,6250,0.123186,0.77664,0.038395
1008,3,3,3,0,0,6250,0.211558,0.68256,0.0403925
1009,3,3,3,0,1,6250,0.241806,0.81792,0.0294225
1010,3,3,3,0,2,6250,0.258158,0.83216,0.023735
1011,3,3,3,0,3,6250,0.187129,0.80224,0.0214425
1012,3,3,3,1,0,6250,0.215129,0.6504,0.0537525
1013,3,3,3,1,1,6250,0.217153,0.81072,0.042745
1014,3,3,3,1,2,6250,0.158911,0.82688,0.0349675
1015,3,3,3,1,3,6250,0.184756,0.7896,0.030815
1016,3,3,3,2,0,6250,0.219075,0.63392,0.06656
1017,3,3,3,2,1,6250,0.187389,0.80816,0.0521375
1018,3,3,3,2,2,6250,0.188287,0.81424,0.0430475
1019,3,3,3,2,3,6250,0.163985,0.78496,0.0391725
1020,3,3,3,3,0,6250,0.218526,0.60768,0.0776375
1021,3,3,3,3,1,6250,0.18299,0.78464,0.06314
1022,3,3,3,3,2,6250,0.160357,0.80928,0.05486
1023,3,3,3,3,3,6250,0.172977,0.78256,0.0511075
