step,horizon,training_episode_steps,window_start_mean,loss,diff_rollout_loss_scaled,critic_loss_raw,critic_loss_weight,critic_loss_scaled,critic_output_mean,critic_target_mean,critic_error_mean,critic_error_norm,grad_norm,success_rate_batch,action_saturation_rate,final_position_norm_mean,final_velocity_norm_mean,final_attitude_error_mean,final_angular_velocity_norm_mean,loss_position_mean,loss_velocity_mean,loss_attitude_mean,loss_angular_velocity_mean,loss_linear_acceleration_mean,loss_angular_acceleration_mean,loss_action_magnitude_mean,loss_action_smoothness_mean,loss_saturation_mean,loss_terminal_mean,loss_terminal_position_mean,loss_terminal_velocity_mean,loss_terminal_attitude_mean,loss_terminal_angular_velocity_mean,ratio_position,ratio_velocity,ratio_attitude,ratio_angular_velocity,ratio_linear_acceleration,ratio_angular_acceleration,ratio_action_magnitude,ratio_action_smoothness,ratio_saturation,ratio_terminal,finite
0,16,500,231.378,0.00640653,0.00542006,0.00986473,0.1,0.000986473,0.0104894,-1.01289e-10,0.0104894,17.9791,0.0186818,0.910156,0.0345306,0.452886,1.10868,0.714305,0.227179,1.83721,3.37452,5.32148,0.230015,0.0478279,0.017131,0.00400104,0.00478504,0.00314348,0,0,0,0,0,0.169483,0.3113,0.490906,0.0212189,0.00441212,0.00158034,0.000369096,0.00044142,0.000289986,0,true
1,16,500,248.388,0.00657597,0.00538024,0.0119573,0.1,0.00119573,0.0109433,-4.28466e-11,0.0109433,19.7943,0.0203348,0.912109,0.0323334,0.454448,1.11246,0.705337,0.232717,1.84638,3.40215,5.19721,0.235356,0.0489939,0.0184282,0.00401879,0.00499097,0.00294687,0,0,0,0,0,0.171589,0.316171,0.482991,0.0218723,0.00455313,0.00171258,0.000373477,0.000463824,0.000273861,0,true
2,16,500,242.099,0.00646386,0.00536655,0.0109731,0.1,0.00109731,0.0199943,1.14134e-10,0.0199943,18.9622,0.0276575,0.908203,0.0338593,0.456603,1.10799,0.697938,0.230966,1.88741,3.37689,5.16226,0.230354,0.0466601,0.0177011,0.00396604,0.00478678,0.00307281,0,0,0,0,0,0.175849,0.314624,0.480967,0.021462,0.00434731,0.00164921,0.000369515,0.000445983,0.000286293,0,true
3,16,500,237.749,0.00655148,0.00545728,0.0109419,0.1,0.00109419,-0.0157231,-2.89576e-10,-0.0157231,18.9353,0.0583603,0.899414,0.0334015,0.466816,1.1318,0.706354,0.227896,1.92587,3.49979,5.18051,0.231332,0.0474371,0.0178213,0.00395256,0.00481188,0.00305481,0,0,0,0,0,0.176449,0.320653,0.474642,0.0211947,0.00434622,0.0016328,0.000362136,0.000440868,0.000279884,0,true
4,16,500,249.309,0.00665599,0.00561982,0.0103618,0.1,0.00103618,-0.00499392,-1.69563e-10,-0.00499392,18.4265,0.0477686,0.901367,0.0417175,0.468464,1.13461,0.729341,0.239719,1.95319,3.47449,5.48915,0.242471,0.0485661,0.0187331,0.00419009,0.00504415,0.00379265,0,0,0,0,0,0.173777,0.309128,0.488375,0.0215729,0.00432097,0.0016667,0.000372796,0.000448783,0.000337436,0,true
5,16,500,245.268,0.00650926,0.00532083,0.0118843,0.1,0.00118843,0.0528112,-1.30806e-10,0.0528112,19.7339,0.155352,0.921875,0.0406952,0.448316,1.08122,0.70514,0.236884,1.84183,3.26027,5.22373,0.239359,0.0459785,0.0178087,0.00409912,0.0049174,0.00367192,0,0,0,0,0,0.173077,0.306369,0.490875,0.0224927,0.00432062,0.00167349,0.000385196,0.00046209,0.000345051,0,true
6,16,500,234.938,0.00710053,0.00555499,0.0154554,0.1,0.00154554,-0.0845609,-1.11353e-11,-0.0845609,22.5043,0.312132,0.884766,0.0381165,0.464246,1.15353,0.707641,0.231895,1.91385,3.66694,5.20919,0.240631,0.0484683,0.0183001,0.00413925,0.00500359,0.0034493,0,0,0,0,0,0.172264,0.330058,0.468875,0.021659,0.0043626,0.00164717,0.00037257,0.000450369,0.000310469,0,true
7,16,500,245.596,0.00659975,0.00553195,0.0106779,0.1,0.00106779,-0.0255677,-6.8055e-11,-0.0255677,18.7055,0.0452174,0.902344,0.0425262,0.46258,1.12903,0.720018,0.231936,1.90882,3.45754,5.39096,0.228182,0.0479287,0.0174143,0.0042843,0.00490697,0.00386871,0,0,0,0,0,0.172527,0.312506,0.487256,0.020624,0.00433198,0.00157397,0.000387232,0.000443512,0.00034967,0,true
8,16,500,238.494,0.00702379,0.00525092,0.0177287,0.1,0.00177287,0.0968041,2.19903e-10,0.0968041,24.1026,0.305086,0.916016,0.0376587,0.456836,1.07026,0.690268,0.231172,1.86742,3.22533,5.10004,0.233034,0.0458175,0.0177367,0.00414508,0.00483804,0.00346643,0,0,0,0,0,0.177819,0.307121,0.485634,0.0221898,0.00436281,0.00168892,0.000394701,0.000460685,0.000330078,0,true
9,16,500,240.343,0.00654465,0.00538069,0.0116396,0.1,0.00116396,0.0417555,-2.27314e-10,0.0417555,19.5296,0.145172,0.902344,0.0388489,0.457383,1.09247,0.708412,0.233719,1.87337,3.33112,5.23643,0.242782,0.0463233,0.0187234,0.00411987,0.00497083,0.00354465,0,0,0,0,0,0.174083,0.309544,0.486594,0.0225604,0.00430459,0.00173986,0.000382838,0.000461914,0.000329386,0,true
10,16,500,246.103,0.00646106,0.00537843,0.0108264,0.1,0.00108264,-0.0154196,7.25011e-11,-0.0154196,18.835,0.0866167,0.895508,0.0416412,0.449019,1.12277,0.696049,0.23272,1.82578,3.49592,5.1266,0.231194,0.0474939,0.0171263,0.0041088,0.00487549,0.00375953,0,0,0,0,0,0.169732,0.324995,0.476589,0.0214927,0.00441522,0.00159213,0.00038197,0.000453245,0.000349501,0,true
11,16,500,237.598,0.00675769,0.00537431,0.0138338,0.1,0.00138338,-0.0538285,1.57283e-11,-0.0538285,21.291,0.24763,0.905273,0.033371,0.445355,1.09661,0.703589,0.220961,1.81127,3.36763,5.26932,0.223624,0.0477348,0.0173125,0.00392454,0.00477824,0.00303573,0,0,0,0,0,0.168512,0.313308,0.490232,0.0208049,0.00444101,0.00161067,0.00036512,0.000444545,0.00028243,0,true
12,16,500,238.843,0.00673224,0.00547112,0.0126113,0.1,0.00126113,-0.0473167,-2.19977e-10,-0.0473167,20.3285,0.174006,0.896484,0.0395355,0.459043,1.11798,0.710079,0.229413,1.88407,3.46425,5.28737,0.228547,0.0481571,0.0170816,0.00424641,0.00489344,0.00361709,0,0,0,0,0,0.172183,0.316595,0.483208,0.0208867,0.00440103,0.00156107,0.000388075,0.000447207,0.000330562,0,true
13,16,500,241.176,0.00649974,0.00537434,0.011254,0.1,0.0011254,0.0258615,-2.07061e-11,0.0258615,19.2034,0.088091,0.90625,0.0389709,0.459605,1.11357,0.698296,0.2334,1.88648,3.38247,5.16718,0.233869,0.0478816,0.0181325,0.00414796,0.00492916,0.00358614,0,0,0,0,0,0.175508,0.314687,0.480727,0.0217579,0.00445465,0.00168695,0.000385904,0.000458583,0.000333635,0,true
14,16,500,246.979,0.00671669,0.00549844,0.0121825,0.1,0.00121825,0.0349063,-4.73277e-11,0.0349063,19.9799,0.169801,0.901367,0.0400696,0.46755,1.10464,0.724284,0.235114,1.93587,3.34955,5.3955,0.237778,0.0476385,0.017807,0.00421307,0.00487182,0.00365493,0,0,0,0,0,0.176038,0.304591,0.490639,0.0216223,0.004332,0.00161928,0.000383115,0.000443019,0.00033236,0,true
15,16,500,245.219,0.0068713,0.00519279,0.0167851,0.1,0.00167851,0.0949323,-1.41416e-11,0.0949323,23.4524,0.266358,0.916992,0.040741,0.455711,1.08136,0.678386,0.226158,1.87095,3.30589,4.90207,0.231682,0.0446911,0.0174435,0.00419509,0.00492867,0.00372685,0,0,0,0,0,0.180149,0.318315,0.472008,0.0223081,0.00430318,0.00167959,0.000403934,0.000474569,0.000358849,0,true
16,16,500,240.397,0.00650288,0.00546436,0.0103852,0.1,0.00103852,-0.0099225,-1.88106e-10,-0.0099225,18.4472,0.0182961,0.886719,0.0337219,0.460408,1.13688,0.702583,0.224901,1.89163,3.56495,5.16975,0.225342,0.0473172,0.0179725,0.00388216,0.0048113,0.00307013,0,0,0,0,0,0.173088,0.3262,0.473042,0.0206193,0.00432962,0.00164452,0.000355225,0.000440243,0.000280923,0,true
17,16,500,233.439,0.00639652,0.00524748,0.0114904,0.1,0.00114904,-0.0033768,2.44911e-10,-0.0033768,19.4041,0.0956768,0.899414,0.0332642,0.458758,1.10232,0.675335,0.228235,1.90331,3.35698,4.92469,0.234412,0.0458686,0.0179835,0.00382548,0.00488703,0.00301755,0,0,0,0,0,0.181355,0.319866,0.469243,0.0223357,0.00437054,0.00171354,0.000364506,0.000465655,0.000287523,0,true
18,16,500,239.163,0.00678238,0.00534071,0.0144166,0.1,0.00144166,-0.0503751,-2.17756e-10,-0.0503751,21.7349,0.253776,0.908203,0.031662,0.451923,1.10953,0.696432,0.230802,1.84798,3.39132,5.13556,0.230379,0.0470481,0.0175319,0.00388878,0.00481725,0.00290073,0,0,0,0,0,0.173008,0.317497,0.480793,0.0215682,0.00440467,0.00164134,0.000364069,0.000450993,0.000271568,0,true
19,16,500,240.962,0.00656156,0.00535209,0.0120947,0.1,0.00120947,-0.0300301,7.28968e-11,-0.0300301,19.9077,0.146158,0.898438,0.0365753,0.443284,1.11922,0.696223,0.226569,1.78753,3.48055,5.12951,0.230225,0.0463479,0.0178806,0.00395315,0.0048499,0.00333067,0,0,0,0,0,0.166994,0.325159,0.479206,0.021508,0.00432988,0.00167043,0.000369309,0.000453085,0.000311156,0,true
20,16,500,231.946,0.00629556,0.0052042,0.0109136,0.1,0.00109136,0.047274,-1.25022e-11,0.047274,18.9108,0.113379,0.90625,0.0374603,0.446679,1.08498,0.684452,0.227257,1.81957,3.30488,4.98259,0.226385,0.0452733,0.0174636,0.00406056,0.00473336,0.00344366,0,0,0,0,0,0.174817,0.31752,0.478709,0.0217502,0.00434969,0.00167784,0.000390124,0.000454764,0.000330854,0,true
21,16,500,247.181,0.0064898,0.00541172,0.0107808,0.1,0.00107808,0.0304668,1.13451e-10,0.0304668,18.7954,0.11525,0.910156,0.0460205,0.458223,1.10165,0.710576,0.228881,1.88707,3.34071,5.28601,0.231795,0.0474914,0.0170623,0.00429528,0.00486738,0.00414645,0,0,0,0,0,0.17435,0.308655,0.488385,0.021416,0.00438783,0.00157642,0.00039685,0.000449707,0.000383099,0,true
22,16,500,243.05,0.00653556,0.00549288,0.0104268,0.1,0.00104268,0.0149059,-1.34448e-10,0.0149059,18.4842,0.089593,0.907227,0.0449524,0.458685,1.105,0.717292,0.23563,1.9029,3.39864,5.36849,0.237348,0.0475711,0.017397,0.00436137,0.0049485,0.00410073,0,0,0,0,0,0.173215,0.309368,0.488677,0.0216051,0.00433025,0.0015836,0.000397002,0.000450447,0.000373277,0,true
23,16,500,244.714,0.00630576,0.00529066,0.0101509,0.1,0.00101509,0.0337801,2.8522e-10,0.0337801,18.238,0.108563,0.897461,0.0419312,0.455788,1.08703,0.685422,0.227574,1.87229,3.33872,5.0691,0.225795,0.0455525,0.0170814,0.00417897,0.00480799,0.00380633,0,0,0,0,0,0.176943,0.315529,0.479061,0.021339,0.00430499,0.00161429,0.000394938,0.000454385,0.000359721,0,true
24,16,500,238.673,0.00629881,0.00536596,0.00932853,0.1,0.000932853,-0.00555285,-1.12795e-10,-0.00555285,17.4836,0.0257178,0.913086,0.0420227,0.454961,1.09599,0.700095,0.230008,1.87338,3.38083,5.17166,0.229233,0.0469505,0.0169929,0.00418865,0.00484651,0.00382931,0,0,0,0,0,0.174562,0.315026,0.481896,0.0213599,0.00437485,0.0015834,0.000390299,0.000451598,0.000356816,0,true
25,16,500,242.799,0.00630117,0.00523709,0.0106407,0.1,0.00106407,-0.0101569,5.37259e-11,-0.0101569,18.6728,0.0729112,0.913086,0.0414581,0.441375,1.08663,0.690569,0.227728,1.77975,3.29481,5.09003,0.233659,0.0456017,0.0173926,0.00423602,0.00488923,0.00381061,0,0,0,0,0,0.169918,0.314565,0.48596,0.0223081,0.00435372,0.00166052,0.000404425,0.000466788,0.000363809,0,true
26,16,500,245.491,0.00651276,0.00528613,0.0122663,0.1,0.00122663,-0.0201842,-1.89044e-10,-0.0201842,20.0485,0.115168,0.902344,0.0400696,0.451784,1.10516,0.676026,0.22811,1.86815,3.44971,4.95653,0.222728,0.045547,0.0169898,0.00410098,0.00482221,0.00367975,0,0,0,0,0,0.176703,0.326299,0.468824,0.0210672,0.00430817,0.00160702,0.0003879,0.000456119,0.000348057,0,true
27,16,500,241.201,0.00627319,0.00529244,0.00980754,0.1,0.000980754,-0.0159753,5.02105e-11,-0.0159753,17.9269,0.0733291,0.912109,0.0358582,0.456181,1.0872,0.688494,0.223538,1.88223,3.31383,5.08803,0.225996,0.045356,0.0174589,0.00395604,0.0047717,0.00324743,0,0,0,0,0,0.177823,0.313072,0.480689,0.0213508,0.00428498,0.00164942,0.000373745,0.000450804,0.000306799,0,true
28,16,500,241.876,0.00663059,0.00551173,0.0111886,0.1,0.00111886,-0.0421445,1.34115e-11,-0.0421445,19.1475,0.09904,0.908203,0.0453491,0.462079,1.13797,0.713036,0.231899,1.8967,3.53135,5.27679,0.239281,0.0476313,0.0182423,0.00433084,0.00503156,0.00411753,0,0,0,0,0,0.17206,0.320348,0.478687,0.0217066,0.0043209,0.00165486,0.000392874,0.000456441,0.000373524,0,true
29,16,500,245.164,0.00641565,0.00535974,0.010559,0.1,0.0010559,0.0226978,-3.28414e-10,0.0226978,18.601,0.0961498,0.901367,0.0388031,0.455862,1.1032,0.701592,0.22223,1.87329,3.3963,5.15119,0.222892,0.0464737,0.0168564,0.00418996,0.00476496,0.0035292,0,0,0,0,0,0.174756,0.316834,0.480545,0.0207931,0.00433544,0.0015725,0.000390873,0.000444514,0.000329232,0,true
30,16,500,247.721,0.0064956,0.00532354,0.0117206,0.1,0.00117206,0.0436256,8.0371e-11,0.0436256,19.5975,0.158818,0.914062,0.0427246,0.455099,1.08379,0.698567,0.230762,1.85051,3.27708,5.21174,0.231103,0.0460432,0.0175541,0.00422569,0.00492533,0.00389271,0,0,0,0,0,0.173805,0.307792,0.4895,0.0217058,0.00432449,0.00164873,0.000396887,0.000462599,0.000365613,0,true
31,16,500,240.642,0.00687792,0.00568463,0.0119328,0.1,0.00119328,-0.0372281,-4.10545e-11,-0.0372281,19.7741,0.0348683,0.895508,0.0460205,0.461203,1.14995,0.743745,0.229904,1.89533,3.56896,5.59219,0.233862,0.047947,0.0173525,0.00443472,0.00498136,0.00420112,0,0,0,0,0,0.166706,0.313914,0.491869,0.0205697,0.00421724,0.00152627,0.000390062,0.000438143,0.000369516,0,true
32,16,500,243.866,0.00663385,0.00554497,0.0108888,0.1,0.00108888,-0.00691214,2.86671e-10,-0.00691214,18.8893,0.0296932,0.913086,0.046814,0.465346,1.12614,0.715196,0.229831,1.9429,3.48645,5.3504,0.231779,0.0474184,0.0174517,0.0043655,0.00495633,0.00422223,0,0,0,0,0,0.175195,0.314379,0.482455,0.0208999,0.0042758,0.00157365,0.000393645,0.000446921,0.000380726,0,true
33,16,500,247.228,0.00625847,0.00533118,0.00927294,0.1,0.000927294,0.0184515,1.40548e-10,0.0184515,17.4315,0.0684955,0.902344,0.035614,0.448346,1.0826,0.700984,0.220309,1.83877,3.29346,5.23961,0.21701,0.0453863,0.016291,0.00403276,0.00457029,0.0032326,0,0,0,0,0,0.172454,0.308886,0.491412,0.0203529,0.00425669,0.0015279,0.000378224,0.000428638,0.000303179,0,true
34,16,500,243.965,0.00635437,0.00539349,0.00960879,0.1,0.000960879,-0.00595845,-1.35672e-10,-0.00595845,17.7443,0.0254654,0.924805,0.0429688,0.451833,1.09305,0.717436,0.232069,1.83523,3.29933,5.3381,0.236583,0.0470872,0.0174026,0.0043165,0.00500838,0.00391284,0,0,0,0,0,0.170134,0.305863,0.494866,0.0219323,0.00436519,0.0016133,0.000400158,0.000464299,0.000362737,0,true
35,16,500,240.446,0.00623643,0.00525257,0.00983862,0.1,0.000983862,0.0124558,-2.85627e-11,0.0124558,17.9553,0.012164,0.910156,0.0383606,0.438859,1.09011,0.685884,0.222085,1.79783,3.3432,5.0658,0.225205,0.044285,0.0166389,0.00398041,0.0047099,0.00349319,0,0,0,0,0,0.171138,0.318244,0.482221,0.0214376,0.00421556,0.00158388,0.000378902,0.000448343,0.000332522,0,true
36,16,500,245.136,0.00655476,0.00547924,0.0107551,0.1,0.00107551,-0.0423321,-3.38012e-10,-0.0423321,18.773,0.139876,0.904297,0.0381317,0.468176,1.12017,0.702858,0.228361,1.93699,3.46181,5.25259,0.23089,0.0460282,0.0177135,0.00410805,0.00487183,0.00349781,0,0,0,0,0,0.176757,0.315902,0.479317,0.0210695,0.00420023,0.00161642,0.000374873,0.000444572,0.000319187,0,true
37,16,500,240.166,0.00631275,0.00528174,0.0103101,0.1,0.00103101,0.00516058,8.41727e-11,0.00516058,18.3805,0.0198631,0.907227,0.0373993,0.451826,1.10347,0.689028,0.226035,1.83136,3.36946,5.06524,0.222023,0.0460665,0.0171266,0.00401871,0.00478566,0.00340565,0,0,0,0,0,0.173367,0.318972,0.479505,0.021018,0.00436092,0.00162131,0.000380434,0.000453039,0.000322399,0,true
38,16,500,241.184,0.006611,0.00559279,0.0101821,0.1,0.00101821,-0.0460248,-3.33604e-10,-0.0460248,18.266,0.112789,0.907227,0.0384674,0.462563,1.1375,0.731919,0.231073,1.89105,3.4581,5.52585,0.232359,0.0477522,0.0178921,0.0041293,0.00493326,0.00351622,0,0,0,0,0,0.169062,0.309157,0.494016,0.020773,0.00426908,0.00159957,0.000369163,0.000441038,0.000314353,0,true
39,16,500,245.803,0.00642045,0.00521756,0.0120289,0.1,0.00120289,0.0537901,1.99561e-10,0.0537901,19.8536,0.137748,0.905273,0.0388184,0.455483,1.10771,0.670719,0.227067,1.85596,3.40774,4.86705,0.230044,0.0446053,0.0173354,0.00403229,0.00484968,0.00350141,0,0,0,0,0,0.177857,0.326565,0.466411,0.0220451,0.00427454,0.00166126,0.000386416,0.000464746,0.000335541,0,true
40,16,500,246.412,0.00649899,0.00537144,0.0112755,0.1,0.00112755,0.0389566,-2.1301e-11,0.0389566,19.2217,0.105815,0.908203,0.0366364,0.458215,1.11182,0.696204,0.220447,1.90613,3.46552,5.0675,0.228688,0.0455459,0.0170575,0.00418373,0.00486674,0.00338888,0,0,0,0,0,0.177432,0.322588,0.471708,0.0212874,0.00423964,0.0015878,0.000389442,0.00045302,0.000315454,0,true
41,16,500,246.531,0.00638417,0.00530921,0.0107495,0.1,0.00107495,0.037473,-4.23839e-11,0.037473,18.7681,0.0897811,0.90625,0.0446014,0.451926,1.08086,0.699256,0.229171,1.85797,3.27984,5.17468,0.230068,0.0460821,0.0165581,0.00430514,0.00487111,0.0040506,0,0,0,0,0,0.174976,0.308883,0.48733,0.0216669,0.00433982,0.00155938,0.000405441,0.000458741,0.000381469,0,true
42,16,500,240.37,0.00629409,0.00523815,0.0105594,0.1,0.00105594,0.0276407,7.29404e-11,0.0276407,18.6014,0.0387151,0.918945,0.0362854,0.450685,1.06264,0.697357,0.232611,1.84066,3.17781,5.1469,0.235522,0.0452664,0.017861,0.00404643,0.00492743,0.00328699,0,0,0,0,0,0.175698,0.303334,0.491291,0.0224815,0.00432085,0.00170489,0.000386246,0.000470341,0.000313755,0,true
43,16,500,246.182,0.0064709,0.00532898,0.0114192,0.1,0.00114192,-0.0180669,8.73068e-12,-0.0180669,19.3439,0.112941,0.917969,0.0403137,0.451876,1.08766,0.70414,0.225373,1.83137,3.32984,5.18589,0.23523,0.0458173,0.0171338,0.00413914,0.00486892,0.00367686,0,0,0,0,0,0.171831,0.312427,0.486574,0.0220708,0.00429888,0.00160761,0.000388361,0.000456835,0.000344988,0,true
44,16,500,241.96,0.00633617,0.00514437,0.011918,0.1,0.0011918,0.023981,1.94638e-10,0.023981,19.7618,0.0349629,0.922852,0.0381012,0.456264,1.06098,0.673718,0.230777,1.90033,3.18484,4.89022,0.238135,0.044337,0.0182612,0.00410934,0.00505138,0.0034526,0,0,0,0,0,0.1847,0.309546,0.475298,0.0231452,0.00430928,0.00177487,0.000399402,0.000490962,0.000335571,0,true
45,16,500,242.082,0.00632198,0.0051652,0.0115678,0.1,0.00115678,0.00782792,-1.04104e-10,0.00782792,19.4693,0.0605107,0.916016,0.036087,0.449491,1.08617,0.670171,0.225341,1.83725,3.33261,4.86872,0.217453,0.0451929,0.0171169,0.00394495,0.00483099,0.00328417,0,0,0,0,0,0.177849,0.322602,0.4713,0.0210498,0.00437475,0.00165695,0.000381878,0.000467648,0.000317914,0,true
46,16,500,236.875,0.0068299,0.00557185,0.0125805,0.1,0.00125805,-0.077938,1.26747e-10,-0.077938,20.3036,0.23271,0.895508,0.0348969,0.457825,1.12924,0.729698,0.229924,1.8801,3.47851,5.47469,0.233077,0.0478964,0.0173319,0.0040517,0.00485747,0.00316623,0,0,0,0,0,0.168714,0.312151,0.491282,0.0209156,0.00429807,0.00155531,0.000363587,0.000435894,0.000284127,0,true
47,16,500,236.543,0.00640327,0.00521037,0.0119289,0.1,0.00119289,0.0376562,2.65051e-10,0.0376562,19.7709,0.0955179,0.921875,0.0379181,0.457485,1.07693,0.681455,0.222408,1.88483,3.26579,4.96803,0.226969,0.044937,0.017827,0.00405071,0.00486728,0.00343937,0,0,0,0,0,0.180873,0.313393,0.476745,0.0217805,0.00431226,0.00171072,0.000388716,0.000467076,0.00033005,0,true
48,16,500,244.26,0.00651043,0.00540876,0.0110167,0.1,0.00110167,0.00849747,1.75684e-10,0.00849747,18.9999,0.0648995,0.910156,0.045639,0.454976,1.11675,0.707257,0.231044,1.84735,3.44146,5.20895,0.242316,0.0464875,0.0176999,0.00419994,0.00494381,0.0041195,0,0,0,0,0,0.170774,0.318137,0.481529,0.0224003,0.00429743,0.00163622,0.000388253,0.000457019,0.000380818,0,true
49,16,500,240.317,0.00664067,0.00553152,0.0110914,0.1,0.00110914,-0.000428085,-1.29976e-11,-0.000428085,19.0642,0.0699023,0.90625,0.0434265,0.465794,1.1279,0.722277,0.233194,1.91313,3.46451,5.36577,0.240516,0.0477557,0.0181527,0.0042005,0.00505144,0.00396439,0,0,0,0,0,0.172929,0.313161,0.485017,0.0217404,0.00431669,0.00164084,0.000379687,0.000456605,0.000358345,0,true
50,16,500,234.896,0.00652994,0.0055157,0.0101424,0.1,0.00101424,-0.00223621,-3.91025e-11,-0.00223621,18.2304,0.0638259,0.90625,0.0436249,0.449394,1.11485,0.724682,0.225639,1.8344,3.39744,5.50161,0.221689,0.0476094,0.0157747,0.00422641,0.00470984,0.00394331,0,0,0,0,0,0.166289,0.307979,0.498723,0.0200962,0.00431581,0.00142998,0.000383125,0.000426948,0.000357462,0,true
51,16,500,236.743,0.00645193,0.00532773,0.011242,0.1,0.0011242,0.0353619,1.26619e-11,0.0353619,19.1931,0.113616,0.917969,0.0459137,0.462839,1.08941,0.697098,0.227254,1.90084,3.34478,5.09795,0.235436,0.0449558,0.0180139,0.00433891,0.00503333,0.00413009,0,0,0,0,0,0.178391,0.313902,0.478435,0.0220953,0.00421904,0.00169058,0.000407201,0.000472371,0.000387603,0,true
52,16,500,239.894,0.00623453,0.00526669,0.00967837,0.1,0.000967837,0.0213809,-3.25008e-10,0.0213809,17.8084,0.0568804,0.90332,0.0370483,0.452651,1.09204,0.690482,0.216317,1.83157,3.33304,5.07439,0.217973,0.0468472,0.0173809,0.00399518,0.00482367,0.0033597,0,0,0,0,0,0.173883,0.316427,0.481744,0.0206935,0.0044475,0.00165008,0.000379287,0.000457942,0.000318958,0,true
53,16,500,248.9,0.00630861,0.00527281,0.010358,0.1,0.0010358,0.00217954,7.70628e-11,0.00217954,18.4231,0.0444058,0.907227,0.0320282,0.452469,1.08368,0.693922,0.216938,1.87825,3.25645,5.11249,0.223947,0.0457991,0.0172032,0.0038456,0.00472107,0.00290853,0,0,0,0,0,0.178107,0.308796,0.484798,0.0212361,0.00434296,0.00163131,0.000364664,0.000447681,0.000275805,0,true
54,16,500,243.578,0.00668209,0.00545817,0.0122392,0.1,0.00122392,-0.0637821,-5.8761e-11,-0.0637821,20.0263,0.232957,0.898438,0.0371399,0.458866,1.12535,0.706047,0.226284,1.89475,3.46043,5.26126,0.22372,0.046591,0.0173376,0.00401477,0.00482676,0.00340738,0,0,0,0,0,0.17357,0.316996,0.481962,0.020494,0.00426801,0.00158822,0.000367776,0.000442159,0.000312135,0,true
55,16,500,235.604,0.00659275,0.00546387,0.0112888,0.1,0.00112888,-0.0455563,5.61773e-11,-0.0455563,19.2331,0.154664,0.904297,0.0435944,0.460672,1.11181,0.705458,0.226412,1.90663,3.47949,5.23728,0.227147,0.0471883,0.0169075,0.00423191,0.00488267,0.00397601,0,0,0,0,0,0.174476,0.318409,0.479265,0.0207863,0.00431821,0.00154721,0.000387263,0.000446815,0.000363845,0,true
56,16,500,252.264,0.0063428,0.00530935,0.0103345,0.1,0.00103345,0.0135485,-1.62098e-10,0.0135485,18.4022,0.033535,0.90918,0.0336914,0.458545,1.09778,0.687274,0.223706,1.8957,3.36132,5.06482,0.221107,0.046696,0.0174412,0.00380557,0.00474773,0.00307528,0,0,0,0,0,0.178525,0.316547,0.476971,0.0208225,0.00439752,0.0016425,0.000358384,0.00044711,0.00028961,0,true
57,16,500,242.554,0.00643723,0.00523935,0.0119789,0.1,0.00119789,0.0477792,-2.59463e-10,0.0477792,19.8122,0.151968,0.905273,0.0341644,0.458928,1.10483,0.671725,0.224327,1.89177,3.42839,4.85365,0.229983,0.0446813,0.0183069,0.00389113,0.00490347,0.00312396,0,0,0,0,0,0.180535,0.327177,0.463192,0.0219476,0.00426401,0.00174706,0.000371338,0.000467947,0.000298125,0,true
58,16,500,243.5,0.00649872,0.00536973,0.01129,0.1,0.001129,0.0265964,4.34728e-10,0.0265964,19.2341,0.116188,0.899414,0.0413208,0.465422,1.10164,0.693163,0.228409,1.93006,3.44679,5.05835,0.22853,0.0461257,0.016828,0.00416132,0.00485929,0.00375312,0,0,0,0,0,0.179717,0.320946,0.471007,0.0212795,0.00429498,0.00156693,0.00038748,0.000452471,0.000349471,0,true
59,16,500,236.56,0.00637768,0.00531529,0.0106239,0.1,0.00106239,0.0126522,3.56867e-10,0.0126522,18.6581,0.0885335,0.908203,0.0374908,0.447837,1.09521,0.700397,0.221347,1.79869,3.34338,5.18675,0.226365,0.0453264,0.0176984,0.0040722,0.00486276,0.0034316,0,0,0,0,0,0.1692,0.314506,0.487909,0.0212938,0.00426378,0.00166486,0.000383065,0.000457432,0.000322805,0,true
60,16,500,241.214,0.00639343,0.00536997,0.0102345,0.1,0.00102345,-0.00812814,-1.60897e-10,-0.00812814,18.313,0.0311947,0.916016,0.0415802,0.460036,1.09612,0.703971,0.228347,1.89173,3.31213,5.22685,0.232344,0.0465927,0.0174612,0.00415047,0.00492125,0.0037666,0,0,0,0,0,0.176139,0.308393,0.486674,0.0216336,0.00433826,0.00162582,0.000386451,0.000458219,0.000350709,0,true
61,16,500,246.683,0.006294,0.00522457,0.0106943,0.1,0.00106943,0.00298776,-9.12439e-11,0.00298776,18.7198,0.0240745,0.905273,0.036911,0.448696,1.09051,0.681915,0.229861,1.83218,3.2967,5.01073,0.233472,0.045957,0.0178475,0.00396664,0.00493583,0.00335539,0,0,0,0,0,0.175343,0.315499,0.479535,0.0223436,0.00439816,0.00170803,0.000379614,0.000472367,0.000321116,0,true
62,16,500,253.121,0.00633359,0.00527729,0.010563,0.1,0.0010563,-0.0183069,2.33634e-10,-0.0183069,18.6046,0.0881893,0.899414,0.0352478,0.458498,1.10748,0.683501,0.234598,1.87506,3.38723,4.9808,0.233707,0.0472094,0.018355,0.00399823,0.00499862,0.00321643,0,0,0,0,0,0.177654,0.320926,0.471909,0.0221427,0.00447288,0.00173905,0.000378815,0.000473597,0.000304742,0,true
63,16,500,243.774,0.00629365,0.0052494,0.0104425,0.1,0.00104425,-0.0145988,-5.274e-11,-0.0145988,18.4981,0.0954026,0.904297,0.0408478,0.446998,1.09655,0.682068,0.223881,1.81247,3.38928,4.99658,0.224878,0.0458768,0.0169841,0.00412043,0.00491509,0.00369685,0,0,0,0,0,0.172636,0.322825,0.475919,0.0214194,0.00436972,0.00161772,0.000392466,0.000468157,0.000352121,0,true
64,16,500,240.304,0.00645673,0.00540488,0.0105185,0.1,0.00105185,-0.0301085,1.52499e-10,-0.0301085,18.5653,0.114241,0.898438,0.0350647,0.454293,1.11403,0.702902,0.224387,1.87502,3.37645,5.2581,0.222832,0.0481258,0.0172995,0.00391886,0.00484129,0.00316987,0,0,0,0,0,0.173457,0.312352,0.486422,0.0206139,0.00445208,0.00160036,0.00036253,0.000447863,0.000293241,0,true
65,16,500,246.967,0.00630687,0.00531643,0.00990439,0.1,0.000990439,0.0109023,1.17694e-10,0.0109023,18.0152,0.037563,0.899414,0.0384369,0.447937,1.11961,0.680092,0.227572,1.84193,3.48325,5.00485,0.226653,0.0460693,0.0175873,0.00405622,0.00496818,0.00351173,0,0,0,0,0,0.173229,0.327593,0.470696,0.0213162,0.00433273,0.00165405,0.000381479,0.000467248,0.000330272,0,true
66,16,500,243.785,0.00636543,0.00533156,0.0103387,0.1,0.00103387,0.0241152,-6.59517e-11,0.0241152,18.406,0.0773123,0.912109,0.0438385,0.450213,1.07789,0.704387,0.229762,1.83931,3.25182,5.25922,0.236195,0.0461386,0.0172134,0.00427571,0.00497495,0.00396689,0,0,0,0,0,0.172493,0.304959,0.493216,0.0221506,0.00432693,0.00161429,0.000400981,0.000466557,0.00037202,0,true
67,16,500,246.693,0.00648899,0.0053033,0.0118569,0.1,0.00118569,0.0367615,9.498e-11,0.0367615,19.7111,0.122932,0.922852,0.0344086,0.45956,1.10153,0.693952,0.226505,1.90133,3.3505,5.05401,0.226347,0.0453138,0.0171324,0.00400016,0.0048115,0.00316036,0,0,0,0,0,0.179259,0.315888,0.476497,0.0213402,0.00427223,0.00161526,0.000377139,0.000453632,0.000297962,0,true
68,16,500,242.077,0.00632672,0.00530752,0.0101919,0.1,0.00101919,0.0223918,-2.227e-10,0.0223918,18.2748,0.0753027,0.900391,0.0358734,0.457668,1.10144,0.688205,0.221932,1.89278,3.34453,5.08246,0.220793,0.0453393,0.0171647,0.00391116,0.00476854,0.00329499,0,0,0,0,0,0.178311,0.315075,0.478798,0.0208,0.00427123,0.00161702,0.000368454,0.000449224,0.000310408,0,true
69,16,500,236.795,0.00626249,0.00519683,0.0106565,0.1,0.00106565,0.0289406,-2.03893e-10,0.0289406,18.6867,0.0720071,0.916016,0.0370483,0.447418,1.06156,0.689102,0.228754,1.83695,3.16238,5.08717,0.232133,0.0452609,0.0174678,0.00401756,0.00492073,0.00336923,0,0,0,0,0,0.176737,0.304261,0.489449,0.0223341,0.00435466,0.00168062,0.000386539,0.000473436,0.000324162,0,true
70,16,500,238.101,0.00693947,0.00559966,0.013398,0.1,0.0013398,-0.0782038,-3.29782e-10,-0.0782038,20.953,0.202129,0.893555,0.0449677,0.461876,1.15881,0.720512,0.234453,1.89552,3.58671,5.40284,0.233515,0.0497632,0.0176972,0.0041453,0.00503854,0.00410326,0,0,0,0,0,0.169253,0.320261,0.482425,0.0208508,0.00444341,0.0015802,0.000370139,0.000449897,0.000366385,0,true
71,16,500,248.277,0.0064174,0.00539656,0.0102084,0.1,0.00102084,-0.0259819,-6.59602e-11,-0.0259819,18.2896,0.0796928,0.916016,0.0370178,0.464339,1.09546,0.704022,0.22675,1.93991,3.32156,5.23155,0.224592,0.0463375,0.0169948,0.00402154,0.00477103,0.00337904,0,0,0,0,0,0.179736,0.307748,0.484712,0.0208088,0.00429325,0.0015746,0.000372602,0.000442043,0.000313073,0,true
72,16,500,236.365,0.00644062,0.00541384,0.0102677,0.1,0.00102677,-0.0197526,9.75175e-12,-0.0197526,18.3427,0.0491695,0.894531,0.0350189,0.460965,1.12417,0.697462,0.227482,1.89338,3.48975,5.14106,0.227632,0.0466676,0.0173176,0.00395546,0.00475664,0.00316637,0,0,0,0,0,0.174864,0.322299,0.474807,0.0210232,0.00431003,0.00159938,0.00036531,0.000439304,0.000292433,0,true
73,16,500,239.572,0.00634356,0.00540342,0.00940142,0.1,0.000940142,-0.000412966,2.13004e-10,-0.000412966,17.5518,0.0152653,0.910156,0.0399017,0.461867,1.09162,0.708715,0.226552,1.9034,3.29052,5.30379,0.231993,0.0465186,0.0178576,0.00412793,0.00497384,0.00365198,0,0,0,0,0,0.17613,0.304485,0.490781,0.0214673,0.00430455,0.00165243,0.000381974,0.000460249,0.000337932,0,true
74,16,500,243.312,0.00633894,0.00523911,0.0109983,0.1,0.00109983,0.052736,4.68159e-11,0.052736,18.984,0.139725,0.90918,0.0411987,0.461752,1.09149,0.671768,0.234821,1.92952,3.38533,4.85155,0.236834,0.0448211,0.017348,0.00413052,0.00494692,0.00375309,0,0,0,0,0,0.184145,0.323082,0.463012,0.0226025,0.00427755,0.00165562,0.0003942,0.000472114,0.00035818,0,true
75,16,500,244.229,0.00646734,0.00547365,0.00993699,0.1,0.000993699,-0.00672779,-3.52935e-11,-0.00672779,18.0448,0.0189196,0.899414,0.0457916,0.455263,1.10859,0.715832,0.224206,1.86349,3.43843,5.33851,0.228386,0.0482825,0.016911,0.00428565,0.0048784,0.00411514,0,0,0,0,0,0.170224,0.31409,0.487656,0.0208623,0.00441046,0.00154476,0.000391481,0.000445626,0.000375905,0,true
76,16,500,244.699,0.0062893,0.00537344,0.00915852,0.1,0.000915852,0.00469043,2.62809e-10,0.00469043,17.3236,0.0228411,0.911133,0.0430756,0.439388,1.09813,0.710379,0.227614,1.78841,3.33478,5.3076,0.238496,0.0470256,0.0175816,0.00414015,0.00494578,0.00391271,0,0,0,0,0,0.166412,0.310302,0.493873,0.0221921,0.00437575,0.00163597,0.000385242,0.000460205,0.000364078,0,true
77,16,500,250.967,0.00626657,0.00535297,0.00913599,0.1,0.000913599,0.0063941,-3.28649e-10,0.0063941,17.3023,0.0207637,0.902344,0.0395203,0.455175,1.10329,0.700547,0.231116,1.86342,3.34215,5.19144,0.231555,0.047245,0.0175323,0.00406569,0.00495508,0.00357358,0,0,0,0,0,0.174055,0.312177,0.484912,0.0216286,0.00441297,0.00163762,0.00037976,0.000462835,0.000333794,0,true
78,16,500,249.442,0.00640602,0.00534758,0.0105845,0.1,0.00105845,0.000845199,-1.38588e-10,0.000845199,18.6234,0.0200701,0.911133,0.0385284,0.445761,1.10763,0.695713,0.229456,1.81775,3.43897,5.13354,0.228882,0.0463903,0.0172122,0.0040316,0.0048614,0.00351061,0,0,0,0,0,0.16996,0.321545,0.479987,0.0214006,0.00433751,0.00160935,0.000376956,0.000454542,0.000328243,0,true
79,16,500,241.486,0.00676199,0.00559375,0.0116824,0.1,0.00116824,-0.0569472,2.1742e-10,-0.0569472,19.5655,0.150747,0.891602,0.0373077,0.465889,1.14692,0.719862,0.233355,1.91985,3.56619,5.38902,0.232936,0.0495887,0.0176581,0.00395157,0.00492327,0.00337953,0,0,0,0,0,0.171607,0.318765,0.4817,0.0208211,0.00443251,0.00157838,0.000353213,0.000440069,0.000302081,0,true
80,16,500,240.45,0.00640715,0.00545639,0.00950763,0.1,0.000950764,-0.019452,2.11235e-10,-0.019452,17.6507,0.0572685,0.904297,0.0343781,0.463686,1.10082,0.718552,0.230246,1.89668,3.3412,5.36856,0.230838,0.0462707,0.0173097,0.00396835,0.00481632,0.00313341,0,0,0,0,0,0.173804,0.306174,0.491951,0.021153,0.00424005,0.00158619,0.000363643,0.000441346,0.000287132,0,true
81,16,500,236.683,0.00634608,0.00532921,0.0101686,0.1,0.00101686,0.0280138,-6.37687e-11,0.0280138,18.2539,0.07936,0.90332,0.0344086,0.460344,1.11516,0.691071,0.223802,1.89065,3.39834,5.0713,0.223618,0.0455156,0.0170076,0.00400341,0.00483868,0.00315311,0,0,0,0,0,0.177385,0.318841,0.475802,0.0209804,0.00427038,0.0015957,0.00037561,0.000453977,0.000295833,0,true
82,16,500,240.684,0.00648368,0.00536501,0.0111867,0.1,0.00111867,0.0284726,-1.54188e-10,0.0284726,19.1459,0.0920471,0.914062,0.0413361,0.463148,1.10377,0.699361,0.232986,1.90297,3.36212,5.15712,0.231665,0.0457297,0.0175245,0.00415723,0.00495339,0.00377888,0,0,0,0,0,0.17735,0.313338,0.480625,0.0215904,0.00426185,0.00163322,0.000387439,0.000461638,0.000352178,0,true
83,16,500,241.12,0.00636883,0.00529912,0.0106971,0.1,0.00106971,0.0410495,1.59691e-10,0.0410495,18.7222,0.101995,0.916992,0.03862,0.455455,1.07786,0.693041,0.22396,1.87741,3.25789,5.1573,0.22897,0.0459043,0.0182573,0.0040324,0.00496468,0.00352489,0,0,0,0,0,0.177143,0.307399,0.486618,0.0216045,0.00433131,0.00172267,0.000380478,0.000468444,0.000332591,0,true
84,16,500,245.25,0.00649572,0.0052596,0.0123611,0.1,0.00123611,0.0342177,-2.76337e-10,0.0342177,20.1259,0.0738756,0.915039,0.0383453,0.465255,1.08687,0.68681,0.237495,1.91777,3.32752,4.96297,0.234602,0.0458539,0.017937,0.00409256,0.00498542,0.00346497,0,0,0,0,0,0.182311,0.316328,0.471801,0.0223022,0.00435907,0.00170517,0.000389056,0.000473935,0.000329395,0,true
85,16,500,241.131,0.00617818,0.00509908,0.010791,0.1,0.0010791,0.038912,-8.5614e-11,0.038912,18.8042,0.0554424,0.90625,0.0345154,0.436084,1.06515,0.668123,0.219034,1.77457,3.23039,4.89892,0.219846,0.0456637,0.0169815,0.00382794,0.00479803,0.00316002,0,0,0,0,0,0.174009,0.316762,0.480373,0.0215574,0.00447764,0.00166515,0.000375356,0.00047048,0.000309862,0,true
86,16,500,237.762,0.00655216,0.00537509,0.0117706,0.1,0.00117706,-0.0445036,-1.26127e-10,-0.0445036,19.6393,0.182136,0.898438,0.0373688,0.4525,1.10867,0.704051,0.234634,1.83909,3.40046,5.20739,0.225349,0.0476742,0.0178663,0.00397249,0.00497254,0.00341131,0,0,0,0,0,0.171075,0.316317,0.4844,0.0209624,0.00443473,0.00166196,0.000369528,0.000462554,0.000317325,0,true
87,16,500,240.883,0.00655047,0.00529996,0.0125051,0.1,0.00125051,-0.0295933,-1.66357e-10,-0.0295933,20.2427,0.151533,0.904297,0.0314484,0.446746,1.08904,0.70214,0.21747,1.81445,3.3088,5.1837,0.218503,0.046178,0.016822,0.00385179,0.0047122,0.00289097,0,0,0,0,0,0.171176,0.312154,0.489032,0.0206137,0.00435645,0.00158699,0.000363379,0.00044455,0.000272735,0,true
88,16,500,237.229,0.00629744,0.00528899,0.0100845,0.1,0.00100845,-0.0146793,1.06272e-10,-0.0146793,18.1783,0.0790739,0.910156,0.0350037,0.450157,1.07569,0.700357,0.222876,1.82977,3.24287,5.20221,0.228114,0.0455644,0.017567,0.00392762,0.00477938,0.00319307,0,0,0,0,0,0.172979,0.306568,0.491796,0.021565,0.00430747,0.00166071,0.000371301,0.000451824,0.00030186,0,true
89,16,500,242.11,0.00631105,0.00537977,0.00931281,0.1,0.000931281,-0.0095205,-1.41882e-10,-0.0095205,17.4689,0.0322542,0.907227,0.0404358,0.448846,1.09852,0.706138,0.231359,1.82225,3.38069,5.24877,0.231778,0.0463921,0.0169118,0.0041097,0.00493849,0.00369171,0,0,0,0,0,0.169361,0.314204,0.487825,0.0215417,0.00431172,0.0015718,0.000381959,0.000458987,0.000343111,0,true
90,16,500,236.521,0.0064995,0.00525863,0.0124086,0.1,0.00124086,0.0439175,1.53522e-12,0.0439175,20.1645,0.113591,0.920898,0.0444031,0.464614,1.08052,0.688151,0.237249,1.91594,3.3079,4.98028,0.236572,0.0454418,0.0178547,0.0041954,0.00504979,0.00403392,0,0,0,0,0,0.182171,0.314521,0.473534,0.0224937,0.00432068,0.00169765,0.000398906,0.000480142,0.000383552,0,true
91,16,500,245.351,0.00636345,0.00534286,0.0102059,0.1,0.00102059,0.035303,6.9263e-11,0.035303,18.2874,0.115667,0.900391,0.0405121,0.458436,1.08715,0.693018,0.217892,1.89488,3.36665,5.12269,0.22682,0.0450432,0.0170616,0.00412451,0.0048008,0.00364651,0,0,0,0,0,0.177328,0.315061,0.479396,0.0212265,0.00421527,0.00159668,0.000385984,0.000449273,0.000341251,0,true
92,16,500,244.85,0.00633075,0.00525406,0.0107669,0.1,0.00107669,0.0374336,1.33311e-11,0.0374336,18.7832,0.114366,0.904297,0.0401306,0.452112,1.09431,0.682838,0.226076,1.84892,3.32514,5.02903,0.229004,0.0459539,0.0175198,0.00400933,0.00493747,0.00361418,0,0,0,0,0,0.175951,0.316435,0.478585,0.0217931,0.00437318,0.00166726,0.000381546,0.000469871,0.000343941,0,true
93,16,500,234.712,0.0064963,0.00543921,0.010571,0.1,0.0010571,-0.00946032,1.52897e-10,-0.00946032,18.6115,0.0193611,0.905273,0.0376892,0.454509,1.10764,0.711387,0.22827,1.8885,3.41038,5.27783,0.225398,0.0466828,0.0171168,0.00414731,0.00490426,0.00346135,0,0,0,0,0,0.173601,0.3135,0.485165,0.0207198,0.00429132,0.00157346,0.000381242,0.000450825,0.000318185,0,true
94,16,500,238.044,0.00616896,0.00520555,0.00963411,0.1,0.000963411,0.0241957,-6.21608e-11,0.0241957,17.7677,0.0441772,0.913086,0.0374146,0.446627,1.05441,0.68533,0.223135,1.82409,3.1938,5.09049,0.228817,0.044274,0.0173755,0.00398424,0.00485512,0.00342411,0,0,0,0,0,0.175206,0.306769,0.488948,0.0219781,0.00425258,0.00166894,0.000382691,0.00046634,0.00032889,0,true
95,16,500,239.552,0.00643616,0.00541526,0.0102091,0.1,0.00102091,-0.038417,-1.69326e-10,-0.038417,18.2902,0.119057,0.900391,0.0412903,0.469404,1.09962,0.693329,0.231239,1.94127,3.41288,5.17367,0.226071,0.0463986,0.0174278,0.00411928,0.00493261,0.00373816,0,0,0,0,0,0.179241,0.315117,0.477694,0.0208735,0.00428406,0.00160914,0.00038034,0.000455437,0.000345151,0,true
96,16,500,241.03,0.00665723,0.00549018,0.0116705,0.1,0.00116705,-0.0569938,2.66321e-10,-0.0569938,19.5555,0.16732,0.905273,0.0371552,0.457739,1.10916,0.718926,0.232397,1.88971,3.38384,5.39402,0.235582,0.047154,0.0175087,0.0041265,0.00503075,0.00339759,0,0,0,0,0,0.172099,0.308172,0.491242,0.0214549,0.0042944,0.00159455,0.000375808,0.000458159,0.000309424,0,true
97,16,500,245.249,0.00648392,0.00543567,0.0104825,0.1,0.00104825,-0.0247984,-1.9565e-11,-0.0247984,18.5335,0.0598352,0.924805,0.0429688,0.459231,1.10633,0.709504,0.230309,1.92018,3.36469,5.27516,0.232834,0.0477679,0.0175867,0.00422325,0.00501566,0.00388895,0,0,0,0,0,0.176628,0.309501,0.485235,0.0214172,0.00439393,0.00161772,0.000388475,0.000461365,0.000357725,0,true
98,16,500,241.495,0.00636657,0.00534875,0.0101783,0.1,0.00101783,0.0114771,1.55739e-10,0.0114771,18.2626,0.0492094,0.910156,0.0398712,0.4517,1.0873,0.703391,0.223165,1.86435,3.28886,5.2403,0.228928,0.0448996,0.017536,0.00406718,0.00492416,0.00363603,0,0,0,0,0,0.174279,0.307442,0.489862,0.0214001,0.00419721,0.00163926,0.000380199,0.00046031,0.000339895,0,true
99,16,500,241.163,0.00648647,0.00544136,0.0104511,0.1,0.00104511,0.00636722,2.92276e-10,0.00636722,18.5057,0.0642736,0.912109,0.0402679,0.465502,1.11834,0.710571,0.230975,1.90064,3.44403,5.22438,0.236863,0.0462687,0.0177646,0.00416452,0.00497579,0.00362602,0,0,0,0,0,0.174648,0.316468,0.480062,0.0217651,0.00425158,0.00163236,0.000382673,0.00045722,0.000333191,0,true
100,16,500,237.465,0.00643285,0.00530974,0.0112311,0.1,0.00112311,0.0395098,1.90198e-10,0.0395098,19.1839,0.125563,0.908203,0.0358124,0.459124,1.09978,0.687737,0.230015,1.90408,3.40545,5.00782,0.22787,0.0440868,0.0179815,0.00400397,0.00490777,0.00327477,0,0,0,0,0,0.179301,0.32068,0.47157,0.0214577,0.00415151,0.00169326,0.000377041,0.000462148,0.000308374,0,true
101,16,500,243.214,0.00646177,0.00539193,0.0106984,0.1,0.00106984,0.019924,-5.74296e-12,0.019924,18.7234,0.0747469,0.899414,0.043335,0.459481,1.11814,0.697873,0.234877,1.89015,3.47566,5.10476,0.233677,0.0481247,0.0181799,0.00424786,0.00514325,0.00392181,0,0,0,0,0,0.175276,0.322302,0.47337,0.0216691,0.00446266,0.00168584,0.000393909,0.00047694,0.000363674,0,true
102,16,500,243.739,0.00636355,0.00536857,0.00994982,0.1,0.000994982,0.0119888,-2.04565e-11,0.0119888,18.0565,0.0333166,0.90332,0.0377502,0.46474,1.09483,0.692952,0.228511,1.94161,3.36987,5.11976,0.230918,0.0447891,0.017755,0.00405561,0.00492965,0.00344434,0,0,0,0,0,0.180832,0.313852,0.476827,0.0215064,0.00417142,0.00165361,0.000377718,0.000459122,0.000320788,0,true
103,16,500,248.559,0.00623861,0.00531615,0.00922457,0.1,0.000922457,0.00163052,-1.49264e-10,0.00163052,17.3859,0.0197708,0.916992,0.0371857,0.445572,1.0768,0.707425,0.22849,1.81235,3.21052,5.29121,0.240204,0.0475093,0.0178929,0.00418254,0.00505124,0.00338908,0,0,0,0,0,0.170457,0.301959,0.497653,0.0225919,0.00446839,0.00168288,0.000393381,0.000475084,0.000318753,0,true
104,16,500,244.77,0.00622579,0.00516427,0.0106152,0.1,0.00106152,0.0188351,-1.61982e-10,0.0188351,18.6504,0.0189559,0.918945,0.0345459,0.451957,1.07261,0.673341,0.219554,1.85774,3.28807,4.88016,0.229406,0.0437469,0.0173649,0.00398968,0.0048744,0.00317562,0,0,0,0,0,0.179865,0.318348,0.472493,0.0222109,0.00423553,0.00168126,0.000386277,0.000471935,0.000307461,0,true
105,16,500,242.705,0.00652798,0.00537973,0.0114826,0.1,0.00114826,-0.0310921,3.17164e-10,-0.0310921,19.3974,0.136705,0.90625,0.0338745,0.470289,1.10621,0.702835,0.229025,1.95788,3.36349,5.12555,0.234073,0.0481916,0.0180993,0.00399289,0.00508557,0.00309096,0,0,0,0,0,0.181968,0.312608,0.476377,0.0217551,0.004479,0.00168218,0.000371105,0.00047266,0.000287279,0,true
106,16,500,242.867,0.00624115,0.00523795,0.0100319,0.1,0.00100319,-0.00609628,-8.13314e-11,-0.00609628,18.1308,0.0607902,0.915039,0.0345001,0.448817,1.09404,0.686967,0.225634,1.82539,3.31702,5.02455,0.23442,0.0452336,0.0173925,0.00390437,0.00489137,0.00310915,0,0,0,0,0,0.174246,0.316633,0.479629,0.0223771,0.00431787,0.00166024,0.0003727,0.000466916,0.000296791,0,true
107,16,500,236.188,0.00673135,0.00552013,0.0121122,0.1,0.00121122,-0.0556372,1.48146e-10,-0.0556372,19.9221,0.163779,0.901367,0.0320282,0.463912,1.13556,0.710489,0.223669,1.91222,3.53543,5.29147,0.225448,0.0465121,0.0175251,0.00392504,0.00480042,0.00293875,0,0,0,0,0,0.173204,0.32023,0.479289,0.0204205,0.00421296,0.00158738,0.00035552,0.00043481,0.000266185,0,true
108,16,500,250.337,0.00660239,0.00542842,0.0117397,0.1,0.00117397,-0.00982764,6.85063e-11,-0.00982764,19.6134,0.0166334,0.924805,0.037796,0.460225,1.0981,0.712298,0.230116,1.88358,3.35986,5.31083,0.22603,0.0468844,0.0172112,0.00410999,0.00489259,0.00344247,0,0,0,0,0,0.173492,0.309469,0.489169,0.0208192,0.00431842,0.00158529,0.000378562,0.000450646,0.000317078,0,true
109,16,500,244.734,0.00662428,0.00554335,0.0108093,0.1,0.00108093,-0.0082763,2.01252e-10,-0.0082763,18.8202,0.0369706,0.896484,0.0399323,0.45638,1.1186,0.723675,0.232213,1.88398,3.42854,5.46293,0.233562,0.0474295,0.0175612,0.00413827,0.0049632,0.00359661,0,0,0,0,0,0.169931,0.309248,0.492746,0.0210668,0.00427806,0.00158399,0.000373265,0.000447672,0.000324408,0,true
110,16,500,253.317,0.00655693,0.00549684,0.0106009,0.1,0.00106009,0.0219282,2.46784e-10,0.0219282,18.6379,0.128091,0.893555,0.0387878,0.457577,1.12034,0.707455,0.230892,1.88106,3.52247,5.28557,0.227321,0.0474839,0.0171182,0.00419079,0.0049399,0.00352406,0,0,0,0,0,0.171104,0.320409,0.480783,0.0206774,0.0043192,0.00155709,0.0003812,0.00044934,0.000320553,0,true
111,16,500,242.304,0.00657236,0.0054136,0.0115876,0.1,0.00115876,0.037289,-4.29976e-11,0.037289,19.4859,0.154762,0.904297,0.0415802,0.465836,1.11092,0.70337,0.229483,1.92111,3.38381,5.20653,0.238082,0.0471235,0.0174906,0.00428503,0.00499211,0.00377812,0,0,0,0,0,0.177434,0.312528,0.480875,0.0219892,0.00435232,0.00161543,0.000395766,0.000461071,0.000348947,0,true
112,16,500,244.866,0.00649678,0.00521057,0.0128622,0.1,0.00128622,0.062075,-2.11831e-10,0.062075,20.5297,0.183169,0.924805,0.0366669,0.447301,1.07267,0.686791,0.222405,1.81948,3.24899,5.05269,0.224612,0.0459561,0.0171963,0.0040147,0.00482906,0.0033626,0,0,0,0,0,0.174595,0.31177,0.484851,0.0215535,0.00440989,0.00165013,0.000385246,0.000463391,0.000322671,0,true
113,16,500,239.898,0.00633729,0.00532481,0.0101248,0.1,0.00101248,0.0192739,-8.3352e-11,0.0192739,18.2145,0.0514103,0.899414,0.0399933,0.458974,1.11348,0.686423,0.227754,1.89369,3.45019,4.99859,0.229779,0.0465505,0.0180916,0.00408662,0.00502029,0.00362735,0,0,0,0,0,0.177817,0.323973,0.469368,0.0215762,0.0043711,0.0016988,0.000383734,0.000471406,0.000340608,0,true
114,16,500,228.47,0.00624744,0.0053559,0.00891539,0.1,0.000891539,-0.018501,3.83847e-11,-0.018501,17.0921,0.08122,0.902344,0.0350494,0.44812,1.11095,0.694953,0.224546,1.84224,3.41155,5.15093,0.230169,0.047254,0.0176342,0.00388149,0.00493134,0.00320749,0,0,0,0,0,0.171982,0.318485,0.480866,0.0214874,0.0044114,0.00164624,0.000362357,0.000460366,0.000299435,0,true
115,16,500,237.615,0.00617151,0.00514982,0.0102169,0.1,0.00102169,-0.00163607,-1.48717e-10,-0.00163607,18.2972,0.0814903,0.897461,0.0298615,0.445131,1.0729,0.673541,0.223713,1.81901,3.25021,4.92873,0.227494,0.0449898,0.0178913,0.00374448,0.00486558,0.00272236,0,0,0,0,0,0.176609,0.315565,0.478533,0.0220876,0.00436809,0.00173708,0.000363554,0.000472403,0.000264316,0,true
116,16,500,240.67,0.00665254,0.00537683,0.0127571,0.1,0.00127571,-0.0596505,2.80503e-10,-0.0596505,20.4457,0.231267,0.90625,0.035965,0.457887,1.10693,0.698448,0.222386,1.88178,3.40193,5.1584,0.234058,0.047621,0.0177673,0.00388819,0.00493478,0.00327491,0,0,0,0,0,0.17499,0.316351,0.479688,0.0217655,0.00442835,0.00165221,0.000361569,0.000458893,0.000304539,0,true
117,16,500,233.391,0.00654619,0.00539743,0.0114876,0.1,0.00114876,-0.0537069,-4.47952e-10,-0.0537069,19.4017,0.198334,0.898438,0.0325928,0.447335,1.11921,0.708061,0.221551,1.81752,3.45555,5.21758,0.228416,0.0469056,0.0172402,0.00386544,0.00478387,0.00299138,0,0,0,0,0,0.168369,0.320111,0.48334,0.0211597,0.00434518,0.00159707,0.000358082,0.000443162,0.000277111,0,true
118,16,500,241.114,0.0064942,0.00536494,0.0112926,0.1,0.00112926,0.00289992,7.89778e-11,0.00289992,19.2364,0.0299811,0.936523,0.0406342,0.46157,1.07332,0.712104,0.231262,1.91808,3.25995,5.24757,0.228468,0.0456003,0.017324,0.00418606,0.0049771,0.00371639,0,0,0,0,0,0.178761,0.30382,0.489062,0.0212927,0.00424984,0.00161456,0.000390131,0.000463855,0.00034636,0,true
119,16,500,240.164,0.00642031,0.00531653,0.0110377,0.1,0.00110377,0.0363988,1.56472e-10,0.0363988,19.018,0.113096,0.924805,0.0402832,0.458797,1.08717,0.691748,0.224191,1.89143,3.32356,5.11472,0.227916,0.0455003,0.0171904,0.00418114,0.00492786,0.00364152,0,0,0,0,0,0.177882,0.312569,0.48102,0.0214347,0.00427913,0.00161669,0.000393221,0.000463447,0.000342471,0,true
120,16,500,241.157,0.00646381,0.00550129,0.00962527,0.1,0.000962527,0.0152284,3.24783e-10,0.0152284,17.7595,0.0902599,0.901367,0.0379333,0.458923,1.10885,0.723803,0.2297,1.90551,3.37257,5.41162,0.233955,0.0486081,0.0177734,0.00413219,0.00495395,0.00345373,0,0,0,0,0,0.173187,0.306526,0.49185,0.0212636,0.00441789,0.00161539,0.000375566,0.000450253,0.000313902,0,true
121,16,500,246.17,0.0065345,0.00531339,0.0122112,0.1,0.00122112,0.058873,3.26891e-10,0.058873,20.0034,0.183949,0.907227,0.0394745,0.456488,1.09152,0.691123,0.23052,1.89608,3.35298,5.0654,0.236238,0.0453727,0.0180061,0.0040683,0.00502942,0.00360949,0,0,0,0,0,0.178425,0.315522,0.476664,0.0222305,0.00426965,0.00169441,0.000382835,0.000473279,0.00033966,0,true
122,16,500,243.964,0.00648084,0.00523067,0.0125017,0.1,0.00125017,0.0689066,-2.47097e-12,0.0689066,20.24,0.177754,0.90918,0.0388794,0.455898,1.06437,0.684653,0.230376,1.88285,3.23219,5.03476,0.235577,0.0458477,0.0175124,0.00412387,0.00496704,0.00352609,0,0,0,0,0,0.179981,0.308965,0.481272,0.0225188,0.00438258,0.00167401,0.000394201,0.0004748,0.000337059,0,true
123,16,500,234.893,0.00676719,0.00564291,0.0112428,0.1,0.00112428,-0.0406105,5.97158e-11,-0.0406105,19.1939,0.0874621,0.90918,0.04216,0.470547,1.12046,0.737935,0.234151,1.96361,3.46201,5.54901,0.233503,0.04763,0.0169263,0.00425842,0.00502767,0.00385119,0,0,0,0,0,0.173989,0.306757,0.49168,0.0206899,0.00422034,0.00149978,0.000377325,0.000445485,0.000341242,0,true
124,16,500,243.175,0.00655861,0.00549249,0.0106612,0.1,0.00106612,-0.0324006,4.15581e-10,-0.0324006,18.6908,0.102201,0.917969,0.037796,0.45698,1.109,0.722135,0.226828,1.87892,3.36056,5.43197,0.234485,0.0485141,0.0179321,0.00409441,0.00502585,0.00346165,0,0,0,0,0,0.171045,0.305924,0.494491,0.0213459,0.00441641,0.00163242,0.000372728,0.000457521,0.000315126,0,true
125,16,500,238.69,0.00652654,0.00548038,0.0104615,0.1,0.00104615,-0.0351399,1.15536e-10,-0.0351399,18.5149,0.10912,0.900391,0.0351868,0.462049,1.10701,0.72191,0.229324,1.90073,3.39224,5.35739,0.233792,0.0468059,0.0176394,0.00400322,0.00495935,0.00319904,0,0,0,0,0,0.173412,0.309489,0.488779,0.0213299,0.00427032,0.00160932,0.000365231,0.000452464,0.000291862,0,true
126,16,500,235.442,0.00618508,0.00529462,0.00890468,0.1,0.000890468,0.00249527,-2.01341e-10,0.00249527,17.0818,0.0189755,0.922852,0.0368652,0.447185,1.08305,0.696781,0.224136,1.82874,3.28912,5.16891,0.227216,0.0460672,0.0169854,0.00399049,0.0048306,0.00336389,0,0,0,0,0,0.172699,0.31061,0.488129,0.0214572,0.00435038,0.00160402,0.000376844,0.000456181,0.000317671,0,true
127,16,500,247.676,0.00629632,0.0052621,0.0103422,0.1,0.00103422,0.0200206,-1.66669e-10,0.0200206,18.409,0.0251279,0.902344,0.0329742,0.451365,1.10052,0.680505,0.218627,1.84774,3.42748,4.95139,0.223236,0.0448703,0.0176013,0.00399412,0.00488452,0.00300619,0,0,0,0,0,0.175571,0.325676,0.470476,0.0212116,0.00426353,0.00167246,0.000379518,0.000464122,0.000285645,0,true
128,16,500,239.01,0.00625859,0.00522055,0.0103804,0.1,0.00103804,0.0331782,9.10543e-11,0.0331782,18.4431,0.0604486,0.914062,0.0325317,0.452299,1.08802,0.680647,0.228769,1.84145,3.34373,4.95118,0.229695,0.0452362,0.0179689,0.00395029,0.00493444,0.00294739,0,0,0,0,0,0.176366,0.320247,0.474201,0.0219991,0.00433251,0.00172098,0.000378341,0.000472598,0.000282287,0,true
129,16,500,242.6,0.00633203,0.00534384,0.00988187,0.1,0.000988187,0.00491938,9.86806e-11,0.00491938,17.9947,0.0110081,0.914062,0.0416718,0.451271,1.08632,0.705262,0.224626,1.85189,3.33117,5.20131,0.226273,0.0467127,0.0173937,0.00414982,0.00503401,0.00375509,0,0,0,0,0,0.173273,0.311682,0.486664,0.0211714,0.0043707,0.00162745,0.00038828,0.00047101,0.000351347,0,true
130,16,500,236.98,0.00636499,0.00528171,0.0108328,0.1,0.00108328,0.0126942,3.49027e-11,0.0126942,18.8406,0.0227026,0.916016,0.0341034,0.456996,1.09858,0.691287,0.225704,1.89541,3.32335,5.04842,0.221352,0.0456675,0.0173472,0.00394852,0.00482808,0.0031106,0,0,0,0,0,0.179431,0.314609,0.477915,0.0209546,0.00432317,0.00164219,0.000373791,0.000457057,0.000294469,0,true
131,16,500,239.922,0.00629072,0.00534107,0.00949648,0.1,0.000949648,-0.00529927,-4.15579e-12,-0.00529927,17.6403,0.0220198,0.893555,0.0312195,0.446561,1.10134,0.700281,0.223274,1.81337,3.37803,5.18836,0.226048,0.0469979,0.0178132,0.00383384,0.00480917,0.00287665,0,0,0,0,0,0.169757,0.316231,0.485705,0.0211614,0.00439968,0.00166757,0.000358903,0.000450207,0.000269295,0,true
132,16,500,241.119,0.00643905,0.00544403,0.00995019,0.1,0.000995019,-0.026655,-1.05799e-10,-0.026655,18.0568,0.0716563,0.908203,0.0315552,0.455053,1.10392,0.719271,0.222476,1.87364,3.34362,5.37194,0.222235,0.0474471,0.0176276,0.0038635,0.0048183,0.00287689,0,0,0,0,0,0.172082,0.30709,0.493378,0.0204109,0.00435771,0.00161898,0.000354838,0.000442531,0.000264224,0,true
133,16,500,242.72,0.00640802,0.00538305,0.0102497,0.1,0.00102497,-0.0116381,1.20655e-10,-0.0116381,18.3266,0.0310589,0.897461,0.0395813,0.456379,1.13255,0.682858,0.224512,1.8849,3.57394,5.00742,0.224389,0.0460695,0.0170277,0.0039435,0.00485092,0.00356255,0,0,0,0,0,0.175077,0.331963,0.46511,0.0208422,0.00427913,0.00158161,0.000366288,0.000450574,0.000330905,0,true
134,16,500,241.089,0.0062833,0.00519517,0.0108813,0.1,0.00108813,0.0376382,-2.17979e-10,0.0376382,18.8828,0.0885698,0.915039,0.0382843,0.449508,1.07569,0.6861,0.229552,1.84913,3.26522,4.97086,0.230008,0.0457531,0.0170556,0.00394791,0.00487675,0.00348669,0,0,0,0,0,0.177966,0.314256,0.478412,0.0221367,0.00440343,0.00164149,0.00037996,0.000469355,0.000335571,0,true
135,16,500,236.141,0.00619219,0.00525702,0.00935162,0.1,0.000935162,0.0204214,-1.56513e-11,0.0204214,17.5053,0.0559536,0.911133,0.0347595,0.44938,1.08756,0.682122,0.218813,1.84295,3.3238,5.04847,0.223726,0.0460436,0.0170049,0.00402148,0.00486052,0.00317353,0,0,0,0,0,0.175285,0.316129,0.480164,0.0212788,0.00437925,0.00161735,0.000382487,0.000462288,0.000301837,0,true
136,16,500,245.815,0.00634042,0.00531757,0.0102285,0.1,0.00102285,0.00740275,8.52927e-11,0.00740275,18.3075,0.0148026,0.907227,0.0407104,0.458863,1.08261,0.693673,0.224874,1.91101,3.31564,5.09991,0.232997,0.0456009,0.0172882,0.00406142,0.00492,0.0037087,0,0,0,0,0,0.179689,0.311763,0.479534,0.0219082,0.00428776,0.00162557,0.000381887,0.000462617,0.000348721,0,true
137,16,500,234.105,0.00631734,0.00540086,0.00916475,0.1,0.000916475,-0.0145497,2.96985e-10,-0.0145497,17.3295,0.0481818,0.897461,0.037674,0.457212,1.12578,0.69454,0.229304,1.88504,3.47719,5.13637,0.226522,0.046829,0.0174934,0.00397055,0.00491719,0.0033942,0,0,0,0,0,0.174513,0.321911,0.475514,0.0209709,0.00433532,0.0016195,0.000367585,0.000455223,0.000314228,0,true
138,16,500,236.464,0.00652018,0.00546449,0.0105569,0.1,0.00105569,-0.0383432,3.30706e-10,-0.0383432,18.5991,0.104641,0.913086,0.0405273,0.454731,1.11498,0.7263,0.234352,1.84593,3.36821,5.40583,0.231518,0.047703,0.0170189,0.00411745,0.00496317,0.00369542,0,0,0,0,0,0.168902,0.30819,0.494632,0.0211838,0.00436481,0.00155722,0.000376745,0.000454129,0.00033813,0,true
139,16,500,240.234,0.00613423,0.00526704,0.00867189,0.1,0.000867189,0.0168234,5.58424e-11,0.0168234,16.8571,0.0327018,0.916992,0.0393372,0.458137,1.07953,0.686123,0.216099,1.90419,3.25171,5.08393,0.220526,0.0444985,0.0169352,0.00392752,0.00480895,0.00355559,0,0,0,0,0,0.180765,0.308685,0.482617,0.0209345,0.00422424,0.00160766,0.00037284,0.000456514,0.000337532,0,true
140,16,500,229.793,0.00632728,0.00542128,0.00905998,0.1,0.000905998,-0.00735085,1.19944e-10,-0.00735085,17.2301,0.0188148,0.904297,0.0384216,0.454985,1.0806,0.710963,0.223331,1.885,3.33738,5.3165,0.229102,0.0452176,0.0168385,0.00413677,0.00485935,0.00352599,0,0,0,0,0,0.173852,0.307804,0.490336,0.0211299,0.00417038,0.001553,0.000381531,0.000448174,0.000325199,0,true
141,16,500,246.233,0.00630415,0.00526908,0.0103507,0.1,0.00103507,0.0256736,3.57501e-11,0.0256736,18.4166,0.0660592,0.916016,0.0396729,0.452429,1.09531,0.676259,0.223451,1.85453,3.4126,4.9719,0.224642,0.0446966,0.0169864,0.00424612,0.00494863,0.00360322,0,0,0,0,0,0.175983,0.323833,0.4718,0.021317,0.0042414,0.00161189,0.000402928,0.000469592,0.000341921,0,true
142,16,500,243.801,0.0063418,0.00539107,0.00950728,0.1,0.000950728,0.0028192,-1.25124e-11,0.0028192,17.6503,0.0189307,0.914062,0.0407867,0.462647,1.10123,0.7014,0.228155,1.92587,3.36852,5.17833,0.23167,0.0470572,0.0178038,0.0041081,0.00506322,0.00371322,0,0,0,0,0,0.178617,0.312416,0.48027,0.0214865,0.00436437,0.00165123,0.000381009,0.000469593,0.000344386,0,true
143,16,500,243.572,0.00642799,0.00540794,0.0102005,0.1,0.00102005,-0.00837657,2.26838e-10,-0.00837657,18.2825,0.017768,0.90625,0.0364075,0.456389,1.09954,0.711901,0.220832,1.87482,3.32158,5.31406,0.229861,0.0458251,0.0175867,0.00392348,0.0049022,0.00331544,0,0,0,0,0,0.173339,0.307102,0.491321,0.0212522,0.00423684,0.00162601,0.000362752,0.000453241,0.000306535,0,true
144,16,500,243.938,0.00632253,0.00521429,0.0110824,0.1,0.00110824,0.0341656,-8.88849e-11,0.0341656,19.0565,0.0762138,0.920898,0.0428619,0.458758,1.06589,0.684325,0.22515,1.9082,3.21898,5.00083,0.225642,0.0446088,0.0173724,0.00407334,0.00496633,0.00390055,0,0,0,0,0,0.182978,0.308669,0.479531,0.0216369,0.00427755,0.00166584,0.000390594,0.000476223,0.000374025,0,true
145,16,500,239.428,0.00658628,0.0055396,0.0104667,0.1,0.00104667,-0.0499455,3.97491e-11,-0.0499455,18.5196,0.109598,0.896484,0.0388489,0.465487,1.12189,0.723561,0.222692,1.91762,3.41024,5.44002,0.232467,0.0484648,0.0177492,0.00410886,0.00503023,0.0035173,0,0,0,0,0,0.173082,0.307805,0.491011,0.0209823,0.00437439,0.00160203,0.000370862,0.000454024,0.000317469,0,true
146,16,500,241.868,0.00630063,0.00531955,0.00981077,0.1,0.000981077,-0.00312019,1.48004e-10,-0.00312019,17.9298,0.00855999,0.912109,0.0424652,0.445461,1.07436,0.712699,0.229177,1.81513,3.22857,5.29187,0.225694,0.0476127,0.0172277,0.00411601,0.0050251,0.00385145,0,0,0,0,0,0.17061,0.303463,0.497398,0.0212137,0.00447525,0.00161928,0.000386876,0.000472323,0.000362009,0,true
147,16,500,235.669,0.00684122,0.0056311,0.0121012,0.1,0.00121012,-0.0618473,-4.0867e-11,-0.0618473,19.9131,0.14679,0.888672,0.0430756,0.467294,1.14573,0.727534,0.22529,1.93205,3.59969,5.41684,0.234367,0.048112,0.017989,0.00421161,0.00501622,0.00392096,0,0,0,0,0,0.171552,0.319626,0.480976,0.0208101,0.00427199,0.00159729,0.00037396,0.000445403,0.000348152,0,true
148,16,500,243.911,0.00644348,0.00544517,0.00998304,0.1,0.000998304,-0.00606138,-3.10731e-10,-0.00606138,18.0866,0.0178539,0.897461,0.0391846,0.449569,1.11876,0.706687,0.222959,1.84908,3.47768,5.25608,0.230939,0.0467539,0.0172236,0.00409568,0.00491174,0.00357689,0,0,0,0,0,0.169791,0.319336,0.482637,0.0212059,0.00429315,0.00158155,0.000376084,0.000451018,0.000328446,0,true
149,16,500,244.146,0.00629513,0.00526895,0.0102618,0.1,0.00102618,0.0436651,2.08725e-10,0.0436651,18.3374,0.131047,0.916016,0.0384216,0.447975,1.07975,0.690891,0.224739,1.8237,3.27299,5.13409,0.230522,0.0461681,0.0177523,0.00418095,0.00501359,0.00347111,0,0,0,0,0,0.173061,0.310592,0.487203,0.0218756,0.00438115,0.00168462,0.000396754,0.000475768,0.000329394,0,true
150,16,500,233.653,0.00644811,0.00532712,0.0112098,0.1,0.00112098,0.0316588,-8.62991e-11,0.0316588,19.1657,0.0995246,0.916016,0.0441437,0.457933,1.09977,0.698817,0.234015,1.89012,3.33383,5.12129,0.231879,0.04621,0.0176406,0.00420073,0.00506445,0.00401194,0,0,0,0,0,0.177405,0.312911,0.480681,0.021764,0.00433724,0.00165573,0.000394278,0.000475345,0.000376558,0,true
151,16,500,239.233,0.00624407,0.0051813,0.0106277,0.1,0.00106277,0.047707,2.18373e-10,0.047707,18.6614,0.12322,0.913086,0.0350342,0.448408,1.08272,0.677364,0.218874,1.82597,3.31802,4.92507,0.221286,0.0437607,0.0166219,0.00391912,0.00477196,0.00317362,0,0,0,0,0,0.176208,0.320192,0.475273,0.0213543,0.00422295,0.00160403,0.000378198,0.000460499,0.000306257,0,true
152,16,500,238.019,0.00654939,0.00543139,0.0111801,0.1,0.00111801,-0.0177587,1.35153e-10,-0.0177587,19.1402,0.0592944,0.911133,0.04216,0.461975,1.12025,0.698037,0.227978,1.92231,3.46226,5.1736,0.22814,0.0465227,0.0171146,0.0040589,0.00496184,0.00380596,0,0,0,0,0,0.176963,0.318727,0.476269,0.021002,0.00428276,0.00157553,0.000373652,0.000456774,0.000350367,0,true
153,16,500,236.855,0.0063385,0.00535328,0.00985217,0.1,0.000985217,-0.0125515,2.57114e-10,-0.0125515,17.9676,0.058676,0.905273,0.0333252,0.452571,1.09978,0.699933,0.222696,1.86424,3.37215,5.16812,0.227739,0.0452886,0.0171636,0.00394098,0.00487076,0.00304946,0,0,0,0,0,0.174121,0.314961,0.482706,0.021271,0.00422998,0.00160309,0.00036809,0.000454932,0.000284822,0,true
154,16,500,242.745,0.00638505,0.0053809,0.0100416,0.1,0.00100416,-0.0228348,-8.51033e-11,-0.0228348,18.1395,0.102235,0.905273,0.0355377,0.457842,1.11445,0.700147,0.225759,1.88366,3.4538,5.11486,0.233447,0.0462035,0.0176553,0.00393736,0.0049964,0.00323358,0,0,0,0,0,0.175032,0.320932,0.47528,0.0216922,0.00429329,0.00164056,0.000365865,0.000464272,0.000300469,0,true
155,16,500,238.979,0.00631608,0.00535284,0.00963235,0.1,0.000963235,-0.0110765,1.11482e-10,-0.0110765,17.7661,0.062486,0.912109,0.0393066,0.45845,1.09767,0.698357,0.230043,1.88268,3.31756,5.19568,0.23196,0.0473406,0.017825,0.00404613,0.00503771,0.00355854,0,0,0,0,0,0.175857,0.309888,0.48532,0.0216669,0.00442201,0.001665,0.000377942,0.000470564,0.000332398,0,true
156,16,500,240.389,0.0062533,0.00531199,0.00941312,0.1,0.000941312,0.00307758,-1.67145e-10,0.00307758,17.5627,0.0136695,0.917969,0.0373383,0.452478,1.09886,0.695077,0.226619,1.84354,3.35359,5.11775,0.232842,0.0462584,0.0176047,0.0040535,0.00492065,0.00341062,0,0,0,0,0,0.173527,0.315662,0.481717,0.0219167,0.00435415,0.00165708,0.000381543,0.000463165,0.00032103,0,true
157,16,500,238.799,0.00631521,0.00532308,0.00992128,0.1,0.000992127,0.00743129,1.25025e-10,0.00743129,18.0305,0.00879888,0.901367,0.037262,0.45459,1.11346,0.688972,0.219311,1.86368,3.41074,5.07751,0.218221,0.0464623,0.0173955,0.0039112,0.00488549,0.00335986,0,0,0,0,0,0.175057,0.320373,0.476933,0.0204976,0.00436423,0.00163397,0.000367381,0.000458897,0.000315593,0,true
158,16,500,240.481,0.00644183,0.00533966,0.0110217,0.1,0.00110217,0.01855,2.46518e-10,0.01855,19.0042,0.0519336,0.896484,0.0366974,0.456732,1.0808,0.692045,0.219933,1.88923,3.3754,5.12115,0.219125,0.0456291,0.016689,0.00397607,0.00482035,0.00329414,0,0,0,0,0,0.176905,0.316069,0.47954,0.0205186,0.00427266,0.00156274,0.000372315,0.000451373,0.00030846,0,true
159,16,500,235.606,0.00624476,0.00528572,0.00959043,0.1,0.000959043,0.0305758,-5.15352e-11,0.0305758,17.7274,0.0797259,0.908203,0.0335236,0.442252,1.09632,0.689777,0.22271,1.81066,3.35805,5.1031,0.224395,0.0456475,0.0176127,0.0039544,0.00492281,0.00308702,0,0,0,0,0,0.171279,0.317653,0.482726,0.0212266,0.004318,0.00166606,0.000374065,0.000465671,0.000292015,0,true
160,16,500,243.764,0.00625155,0.00525997,0.00991579,0.1,0.000991579,0.028153,1.83421e-10,0.028153,18.0256,0.068155,0.911133,0.0368195,0.457991,1.09939,0.675563,0.222797,1.89168,3.42004,4.90925,0.223135,0.046095,0.0175183,0.00395759,0.00492362,0.00335244,0,0,0,0,0,0.179818,0.3251,0.466661,0.0212107,0.00438167,0.00166525,0.000376198,0.000468027,0.000318675,0,true
161,16,500,239.601,0.00652834,0.00545617,0.0107217,0.1,0.00107217,-0.0267709,9.03435e-11,-0.0267709,18.7438,0.0613332,0.902344,0.0335388,0.464539,1.12355,0.70569,0.221354,1.91291,3.45608,5.23982,0.226016,0.0477083,0.0178406,0.00395181,0.00495907,0.00306002,0,0,0,0,0,0.175298,0.316713,0.480174,0.0207119,0.00437196,0.0016349,0.000362141,0.000454446,0.000280418,0,true
162,16,500,249.674,0.0061578,0.00520851,0.00949287,0.1,0.000949287,0.0224382,-2.4054e-10,0.0224382,17.637,0.0381048,0.910156,0.0366364,0.455422,1.08218,0.675202,0.219087,1.87706,3.30705,4.92979,0.22796,0.0458106,0.016964,0.00408784,0.00492925,0.00336293,0,0,0,0,0,0.180192,0.317466,0.473244,0.0218834,0.00439766,0.00162849,0.00039242,0.000473192,0.00032283,0,true
163,16,500,241.445,0.00630549,0.00530802,0.00997476,0.1,0.000997476,-0.00943601,3.67406e-10,-0.00943601,18.0791,0.0418525,0.908203,0.0330048,0.455425,1.10874,0.680784,0.222202,1.88264,3.4248,5.00387,0.228539,0.0462572,0.0182438,0.00380537,0.00490275,0.00298732,0,0,0,0,0,0.177339,0.322606,0.47135,0.0215278,0.00435729,0.00171851,0.000358455,0.000461825,0.000281397,0,true
164,16,500,237.354,0.00670873,0.00554016,0.0116857,0.1,0.00116857,-0.0628841,-1.64036e-10,-0.0628841,19.5683,0.156969,0.899414,0.0384369,0.459822,1.13746,0.72283,0.23252,1.88498,3.47879,5.4016,0.235917,0.0481956,0.0182471,0.00399996,0.00507818,0.00350483,0,0,0,0,0,0.17012,0.313961,0.487495,0.0212916,0.00434966,0.0016468,0.000360997,0.000458306,0.000316311,0,true
165,16,500,244.25,0.00641212,0.00543728,0.0097484,0.1,0.00097484,-0.0251766,2.42797e-10,-0.0251766,17.8728,0.0705275,0.901367,0.0412598,0.472089,1.12058,0.700317,0.231464,1.94744,3.43405,5.18078,0.2354,0.0457917,0.0180779,0.00417877,0.00505914,0.00377785,0,0,0,0,0,0.179082,0.315788,0.476413,0.0216469,0.0042109,0.0016624,0.000384271,0.000465228,0.000347403,0,true
166,16,500,245.107,0.00630831,0.00537275,0.00935567,0.1,0.000935567,0.00913809,-8.49036e-11,0.00913809,17.509,0.036045,0.90332,0.0344086,0.454098,1.10568,0.695707,0.219336,1.87897,3.40837,5.16351,0.219214,0.0468515,0.0166234,0.00397113,0.00482793,0.00314787,0,0,0,0,0,0.174861,0.317191,0.480528,0.0204006,0.0043601,0.00154701,0.000369562,0.000449298,0.000292948,0,true
167,16,500,246.315,0.00631366,0.00532115,0.00992517,0.1,0.000992517,0.0293956,-1.23178e-10,0.0293956,18.0341,0.0972542,0.897461,0.0359192,0.435975,1.09134,0.6951,0.219854,1.76328,3.3894,5.18266,0.231951,0.0447118,0.0181715,0.00393364,0.00489622,0.00327829,0,0,0,0,0,0.165686,0.318484,0.486987,0.0217952,0.00420133,0.00170748,0.000369623,0.000460072,0.000308044,0,true
168,16,500,240.809,0.00639998,0.00535323,0.0104676,0.1,0.00104676,0.0304079,3.10643e-11,0.0304079,18.5203,0.0884353,0.911133,0.0380096,0.464434,1.08055,0.703826,0.226682,1.92044,3.32037,5.16606,0.223548,0.0462891,0.0171321,0.00414105,0.0049944,0.00347711,0,0,0,0,0,0.179372,0.310128,0.482518,0.0208798,0.00432348,0.00160017,0.000386781,0.000466485,0.000324768,0,true
169,16,500,239.821,0.00637224,0.00525716,0.0111508,0.1,0.00111508,0.0440313,-2.82824e-10,0.0440313,19.1152,0.106425,0.911133,0.0426178,0.45121,1.07316,0.690993,0.22531,1.86104,3.2455,5.10311,0.229381,0.045675,0.0167417,0.00413381,0.00491936,0.00382746,0,0,0,0,0,0.177,0.308674,0.485348,0.0218161,0.00434408,0.00159228,0.00039316,0.000467873,0.000364024,0,true
170,16,500,241.408,0.00645013,0.00548921,0.00960927,0.1,0.000960927,-0.0189825,1.50565e-11,-0.0189825,17.7448,0.0575635,0.908203,0.0394287,0.456943,1.11652,0.713955,0.225359,1.86942,3.47146,5.33289,0.227519,0.0471188,0.0173432,0.00412538,0.00497646,0.00355701,0,0,0,0,0,0.170282,0.316208,0.485762,0.0207242,0.00429195,0.00157976,0.000375772,0.000453295,0.000324001,0,true
171,16,500,236.417,0.0062716,0.00519682,0.0107478,0.1,0.00107478,0.0277056,1.15089e-10,0.0277056,18.7666,0.0401058,0.921875,0.0370636,0.458841,1.06461,0.687152,0.222381,1.8903,3.17806,5.0268,0.223026,0.0458661,0.0173809,0.00396144,0.00488282,0.00336115,0,0,0,0,0,0.181871,0.30577,0.483642,0.0214579,0.0044129,0.00167226,0.000381141,0.000469789,0.000323385,0,true
172,16,500,242.312,0.00645991,0.00541625,0.0104366,0.1,0.00104366,-0.0255666,1.96541e-10,-0.0255666,18.4929,0.098996,0.893555,0.0329742,0.461375,1.1113,0.694741,0.217485,1.92561,3.4781,5.12816,0.225815,0.0455416,0.0174839,0.00389662,0.00487092,0.00300902,0,0,0,0,0,0.177762,0.321081,0.473405,0.020846,0.00420417,0.00161402,0.000359716,0.000449658,0.000277777,0,true
173,16,500,235.604,0.00634258,0.00535986,0.00982719,0.1,0.000982719,-0.0141385,-6.80156e-11,-0.0141385,17.9448,0.0663164,0.898438,0.0354156,0.454767,1.09819,0.702354,0.225265,1.879,3.3787,5.15874,0.226333,0.0470776,0.017655,0.00403502,0.00495015,0.0032297,0,0,0,0,0,0.175285,0.315185,0.481238,0.0211137,0.00439168,0.00164696,0.00037641,0.000461779,0.000301286,0,true
174,16,500,245.436,0.0066516,0.00551718,0.0113442,0.1,0.00113442,-0.0469533,1.55465e-10,-0.0469533,19.2802,0.125361,0.900391,0.0433655,0.457152,1.11586,0.717674,0.229108,1.88829,3.46377,5.37453,0.230424,0.0469043,0.0173006,0.00422879,0.00500422,0.00391177,0,0,0,0,0,0.171128,0.313907,0.487072,0.0208824,0.00425075,0.00156788,0.000383239,0.000453513,0.000354508,0,true
175,16,500,247.141,0.00663464,0.00561121,0.0102343,0.1,0.00102343,-0.0470484,-2.0159e-11,-0.0470484,18.3128,0.109269,0.890625,0.0377197,0.486045,1.14976,0.716711,0.229474,2.04142,3.539,5.32447,0.239307,0.0473812,0.0182637,0.00411154,0.0050577,0.00339834,0,0,0,0,0,0.181906,0.315351,0.47445,0.021324,0.00422202,0.00162743,0.000366369,0.000450678,0.000302817,0,true
176,16,500,239.855,0.00644385,0.00540429,0.0103956,0.1,0.00103956,0.00848617,1.25098e-10,0.00848617,18.4565,0.0681772,0.910156,0.0362701,0.451748,1.11333,0.713913,0.228182,1.84499,3.39054,5.26128,0.234349,0.0471615,0.0178064,0.00410498,0.00502937,0.00330479,0,0,0,0,0,0.170697,0.31369,0.48677,0.0216817,0.00436335,0.00164743,0.000379789,0.000465313,0.000305756,0,true
177,16,500,241.457,0.00642513,0.00531586,0.0110927,0.1,0.00110927,0.044056,2.75872e-10,0.044056,19.0653,0.150756,0.90918,0.0425415,0.444459,1.09164,0.696671,0.231989,1.80691,3.31799,5.19765,0.231801,0.0462398,0.0179617,0.00420774,0.00511009,0.00384865,0,0,0,0,0,0.169955,0.312084,0.488881,0.0218028,0.00434923,0.00168944,0.000395772,0.000480646,0.000361997,0,true
178,16,500,239.357,0.00653777,0.00551663,0.0102113,0.1,0.00102114,0.00847823,5.22191e-11,0.00847823,18.2922,0.078468,0.897461,0.0431519,0.469491,1.1298,0.707096,0.229992,1.93501,3.5206,5.26705,0.233968,0.046093,0.0174452,0.00417648,0.00498054,0.00394594,0,0,0,0,0,0.17538,0.31909,0.477379,0.0212057,0.00417764,0.00158115,0.000378535,0.000451411,0.00035764,0,true
179,16,500,240.268,0.00645239,0.00530556,0.0114683,0.1,0.00114683,0.0492462,3.83348e-10,0.0492462,19.3854,0.14078,0.927734,0.0389557,0.448428,1.08276,0.699655,0.221943,1.82252,3.31634,5.17464,0.221576,0.0460004,0.0172289,0.0042158,0.00502272,0.00357969,0,0,0,0,0,0.171756,0.312534,0.487662,0.0208814,0.00433511,0.00162366,0.0003973,0.000473344,0.000337353,0,true
180,16,500,243.792,0.0065021,0.00550281,0.00999291,0.1,0.000999291,-0.0119862,1.69397e-10,-0.0119862,18.0955,0.0168342,0.901367,0.0413513,0.457942,1.11874,0.717778,0.22261,1.85783,3.46546,5.36851,0.235487,0.0474038,0.017989,0.00415517,0.00506106,0.00374159,0,0,0,0,0,0.168807,0.314881,0.487796,0.0213969,0.00430724,0.00163453,0.00037755,0.000459861,0.000339971,0,true
181,16,500,244.154,0.00633416,0.00538464,0.00949522,0.1,0.000949522,0.00398747,4.01092e-10,0.00398747,17.6391,0.0103885,0.899414,0.0391388,0.457143,1.09565,0.712408,0.222727,1.88703,3.32344,5.25357,0.228275,0.0467677,0.0174807,0.00414135,0.00501377,0.00356148,0,0,0,0,0,0.175223,0.308603,0.48783,0.0211969,0.00434269,0.0016232,0.000384553,0.000465563,0.000330707,0,true
182,16,500,241.045,0.00644234,0.00544651,0.00995824,0.1,0.000995824,-0.0215873,-1.55626e-10,-0.0215873,18.0641,0.0896124,0.902344,0.0406799,0.456809,1.0836,0.713554,0.223415,1.89578,3.31714,5.37399,0.229323,0.0470649,0.0170773,0.00405042,0.00490171,0.00370883,0,0,0,0,0,0.174036,0.30452,0.493342,0.0210523,0.00432064,0.00156773,0.000371836,0.000449986,0.000340478,0,true
183,16,500,256.008,0.00648937,0.00544874,0.0104062,0.1,0.00104062,-0.0300534,-1.82624e-10,-0.0300534,18.466,0.11096,0.893555,0.0375519,0.469106,1.12111,0.706639,0.227243,1.92805,3.47064,5.18881,0.232974,0.0469912,0.0175303,0.00406249,0.00505601,0.00337378,0,0,0,0,0,0.176926,0.318481,0.476148,0.0213787,0.00431211,0.00160866,0.000372791,0.000463961,0.000309592,0,true
184,16,500,235.891,0.00640008,0.00539753,0.0100255,0.1,0.00100255,-0.0141801,-1.57083e-11,-0.0141801,18.125,0.0673207,0.90918,0.0392151,0.456282,1.11598,0.70705,0.226624,1.86945,3.42392,5.19001,0.234624,0.0462615,0.0181187,0.00403754,0.00506109,0.00356174,0,0,0,0,0,0.173176,0.317175,0.480777,0.0217344,0.00428543,0.00167843,0.000374018,0.000468834,0.000329942,0,true
185,16,500,247.992,0.00623055,0.0052694,0.00961148,0.1,0.000961148,0.0229573,-1.57625e-11,0.0229573,17.7468,0.0344558,0.904297,0.0361328,0.45423,1.1004,0.677085,0.214257,1.86747,3.4197,4.9553,0.221816,0.0454923,0.0168617,0.00395907,0.00491433,0.00329572,0,0,0,0,0,0.177199,0.324487,0.470195,0.0210476,0.00431665,0.00159996,0.000375666,0.000466308,0.000312722,0,true
186,16,500,239.378,0.00628808,0.00534746,0.00940618,0.1,0.000940618,0.0107699,-4.88265e-10,0.0107699,17.5562,0.0267401,0.90625,0.0351562,0.456215,1.10326,0.704826,0.222883,1.87141,3.33916,5.18113,0.226512,0.0470919,0.0175287,0.00394829,0.00494177,0.00320345,0,0,0,0,0,0.174981,0.312219,0.484448,0.0211794,0.0044032,0.00163897,0.000369174,0.000462067,0.00029953,0,true
187,16,500,241.979,0.00630229,0.00530328,0.00999007,0.1,0.000999007,0.0269911,-9.05527e-11,0.0269911,18.0929,0.0609716,0.899414,0.0353546,0.448632,1.09752,0.690389,0.214818,1.84562,3.38703,5.08305,0.21586,0.0460268,0.0169276,0.00398068,0.00482662,0.00323637,0,0,0,0,0,0.174007,0.319334,0.479236,0.0203515,0.00433946,0.00159595,0.000375304,0.00045506,0.00030513,0,true
188,16,500,240.52,0.00639324,0.00536733,0.0102591,0.1,0.00102591,0.0126552,-4.72387e-11,0.0126552,18.335,0.0426363,0.915039,0.0373383,0.460254,1.10173,0.70175,0.233055,1.90662,3.37162,5.1432,0.236666,0.0460043,0.0180764,0.00406366,0.00501108,0.00340682,0,0,0,0,0,0.177613,0.314087,0.479121,0.022047,0.00428559,0.00168393,0.000378556,0.000466814,0.000317367,0,true
189,16,500,241.248,0.00627873,0.00541837,0.00860354,0.1,0.000860355,-0.00827301,1.37555e-10,-0.00827301,16.7905,0.0191929,0.915039,0.039093,0.449777,1.09338,0.721552,0.218949,1.84712,3.28042,5.4108,0.221591,0.047186,0.0170805,0.004091,0.00491164,0.0035536,0,0,0,0,0,0.170449,0.302713,0.499301,0.0204481,0.00435426,0.00157616,0.000377511,0.000453239,0.000327922,0,true
190,16,500,244.276,0.0062739,0.00534061,0.00933287,0.1,0.000933287,0.00569847,-3.2897e-10,0.00569847,17.4877,0.008354,0.911133,0.0411072,0.446161,1.07917,0.716446,0.230207,1.81529,3.21745,5.34631,0.226216,0.0467127,0.0166718,0.00398664,0.00487534,0.00370947,0,0,0,0,0,0.169952,0.301225,0.500534,0.0211788,0.00437335,0.00156085,0.000373238,0.00045644,0.000347289,0,true
191,16,500,241.178,0.00625791,0.00539682,0.00861093,0.1,0.000861093,-0.0026913,2.48957e-10,-0.00269131,16.7977,0.0188201,0.886719,0.0361328,0.462939,1.10918,0.691403,0.221548,1.9102,3.44808,5.14115,0.219475,0.0458301,0.0168576,0.00395598,0.00480812,0.00327946,0,0,0,0,0,0.176975,0.319455,0.476313,0.0203338,0.00424603,0.00156181,0.00036651,0.000445459,0.000303832,0,true
192,16,500,238.256,0.00630153,0.0053678,0.00933731,0.1,0.000933731,0.000800682,1.8608e-10,0.000800682,17.4919,0.0168311,0.90625,0.0357208,0.463769,1.1074,0.692813,0.230652,1.91653,3.41624,5.09504,0.229054,0.047816,0.0184783,0.00405916,0.00513197,0.00324614,0,0,0,0,0,0.178521,0.318216,0.474593,0.0213359,0.00445396,0.00172121,0.000378103,0.000478033,0.000302372,0,true
193,16,500,239.831,0.00604922,0.00520858,0.00840638,0.1,0.000840638,0.0306105,1.03102e-10,0.0306105,16.597,0.0602338,0.916992,0.0377045,0.448728,1.07373,0.683192,0.222161,1.82941,3.24075,5.05027,0.222569,0.0445785,0.0172893,0.0039343,0.00493431,0.00341991,0,0,0,0,0,0.175615,0.311097,0.484803,0.0213656,0.00427933,0.00165969,0.000377675,0.000473671,0.000328296,0,true
194,16,500,238.872,0.00626644,0.00541289,0.00853548,0.1,0.000853548,-0.019643,-1.34413e-10,-0.019643,16.724,0.0564599,0.897461,0.0405884,0.443542,1.11529,0.70501,0.224483,1.80658,3.42756,5.28804,0.226174,0.0472628,0.0172337,0.0041522,0.00506668,0.00371801,0,0,0,0,0,0.166877,0.316611,0.488467,0.0208922,0.00436576,0.00159192,0.000383547,0.00046802,0.00034344,0,true
195,16,500,242.151,0.00661068,0.00553724,0.0107343,0.1,0.00107343,-0.0356343,-1.8655e-10,-0.0356343,18.7548,0.0883697,0.907227,0.0378418,0.462309,1.10933,0.722751,0.224256,1.92549,3.41304,5.43157,0.228413,0.0461907,0.0173081,0.00406964,0.00496568,0.0034462,0,0,0,0,0,0.173867,0.308189,0.490458,0.0206252,0.00417091,0.00156288,0.000367479,0.000448389,0.000311183,0,true
196,16,500,251.269,0.00642655,0.005452,0.00974553,0.1,0.000974553,-0.0109048,-1.53211e-12,-0.0109048,17.8701,0.0264902,0.904297,0.0360413,0.456927,1.11188,0.712594,0.232021,1.88736,3.38095,5.32616,0.231302,0.0476314,0.0182462,0.00401634,0.00506559,0.00326776,0,0,0,0,0,0.173088,0.310065,0.488459,0.0212126,0.00436825,0.00167335,0.000368336,0.000464563,0.000299685,0,true
197,16,500,245.213,0.00641955,0.00540108,0.0101847,0.1,0.00101847,0.00561399,-1.4614e-10,0.00561399,18.2684,0.0367491,0.893555,0.0342407,0.448297,1.10948,0.704512,0.230305,1.83168,3.43026,5.22919,0.235053,0.0459705,0.017994,0.00387372,0.00498053,0.00314419,0,0,0,0,0,0.169567,0.317553,0.484088,0.0217598,0.00425568,0.00166578,0.000358606,0.000461068,0.00029107,0,true
198,16,500,246.631,0.00648887,0.00535087,0.01138,0.1,0.001138,0.0271153,5.5324e-11,0.0271153,19.3106,0.0826735,0.916016,0.0388489,0.461339,1.10013,0.694872,0.227147,1.91831,3.39757,5.08384,0.226094,0.0454536,0.0176933,0.00418842,0.00505795,0.00354205,0,0,0,0,0,0.179252,0.317478,0.475048,0.0211268,0.00424731,0.00165331,0.000391377,0.000472629,0.000330979,0,true
199,16,500,244.242,0.00634196,0.00537907,0.00962892,0.1,0.000962892,0.0196511,-7.07197e-11,0.0196511,17.7629,0.064523,0.914062,0.0455627,0.449237,1.0797,0.707784,0.225638,1.85402,3.29595,5.30821,0.224016,0.0463536,0.0163009,0.00420636,0.00494155,0.00413836,0,0,0,0,0,0.172337,0.306368,0.493413,0.0208229,0.0043087,0.00151522,0.000390993,0.000459332,0.000384672,0,true
