step,horizon,loss,diff_rollout_loss_scaled,critic_loss_raw,critic_loss_weight,critic_loss_scaled,critic_output_mean,critic_target_mean,critic_error_mean,critic_error_norm,grad_norm,success_rate_batch,action_saturation_rate,final_position_norm_mean,final_velocity_norm_mean,final_angular_velocity_norm_mean,finite
0,64,0.080309,0.00182176,0.784873,0.1,0.0784873,0.964388,1.82241e-11,0.964388,2222.16,0.5,0.806376,0,0.192136,0.352944,0.131736,true
1,64,0.0796421,0.00179985,0.778422,0.1,0.0778422,0.963144,1.75881e-11,0.963144,2213.01,0.5,0.828267,0,0.192228,0.352536,0.131658,true
2,64,0.0795036,0.00177716,0.777264,0.1,0.0777264,0.961407,-5.93064e-12,0.961407,2211.36,0.5,0.828939,0,0.19225,0.346941,0.131096,true
3,64,0.0790507,0.00171638,0.773343,0.1,0.0773343,0.961861,-1.50973e-11,0.961861,2205.78,0.5,0.830729,0,0.191405,0.337525,0.128475,true
4,64,0.0774359,0.00164662,0.757893,0.1,0.0757893,0.957056,1.45665e-12,0.957056,2183.63,0.5,0.852763,0,0.191702,0.330104,0.125479,true
5,64,0.0760563,0.00159033,0.74466,0.1,0.074466,0.955318,1.81984e-12,0.955318,2164.48,0.5,0.880188,0,0.19114,0.325402,0.123888,true
6,64,0.0751723,0.00155823,0.736141,0.1,0.0736141,0.947269,-2.09531e-11,0.947269,2152.07,0.5,0.878438,0,0.191565,0.317913,0.122416,true
7,64,0.0741651,0.00150475,0.726603,0.1,0.0726603,0.944139,4.1702e-12,0.944139,2138.08,0.5,0.879049,0,0.190931,0.309285,0.120208,true
8,64,0.0723267,0.00142298,0.709038,0.1,0.0709038,0.937683,3.74772e-12,0.937683,2112.08,0.5,0.90684,0,0.190959,0.299266,0.116218,true
9,64,0.0707185,0.00136516,0.693533,0.1,0.0693533,0.932717,2.26648e-12,0.932717,2088.86,0.5,0.9304,0,0.190737,0.293104,0.11349,true
10,64,0.0696578,0.00132091,0.683369,0.1,0.0683369,0.925586,2.53079e-11,0.925586,2073.5,0.5,0.927653,0,0.190666,0.28376,0.111882,true
11,64,0.068273,0.00127567,0.669974,0.1,0.0669974,0.918814,-1.75571e-11,0.918814,2053.07,0.5,0.929749,0,0.19047,0.275736,0.110531,true
12,64,0.0663644,0.00120622,0.651582,0.1,0.0651582,0.909019,-1.66218e-11,0.909019,2024.7,0.5,0.953532,0,0.190813,0.266125,0.106097,true
13,64,0.0647004,0.0011433,0.635571,0.1,0.0635571,0.90381,3.36945e-12,0.90381,1999.67,0.5,0.968099,0,0.190487,0.258532,0.102993,true
14,64,0.0635291,0.0011127,0.624164,0.1,0.0624164,0.89444,1.37062e-11,0.89444,1981.64,0.5,0.961934,0,0.190755,0.250194,0.102119,true
15,64,0.0620061,0.0010811,0.60925,0.1,0.060925,0.883316,-1.09444e-11,0.883316,1957.82,0.5,0.968079,0,0.19105,0.243812,0.101552,true
16,64,0.06038,0.00100902,0.59371,0.1,0.059371,0.878347,1.72343e-11,0.878347,1932.69,0.5,0.981547,0,0.190596,0.232971,0.0964321,true
17,64,0.0587799,0.000963844,0.578161,0.1,0.0578161,0.869691,-5.32426e-12,0.869691,1907.22,0.5,0.987691,0,0.190508,0.226774,0.0932176,true
18,64,0.0577586,0.000946054,0.568126,0.1,0.0568126,0.861505,-4.59427e-12,0.861505,1890.59,0.5,0.977824,0,0.190647,0.220111,0.0934068,true
19,64,0.0563548,0.000921201,0.554336,0.1,0.0554336,0.850571,-4.55673e-13,0.850571,1867.51,0.5,0.98645,0,0.190873,0.214733,0.0934069,true
20,64,0.0547141,0.000858739,0.538554,0.1,0.0538554,0.842942,-1.50692e-12,0.842942,1840.73,0.5,0.992696,0,0.190763,0.204239,0.0880816,true
21,64,0.0532421,0.000826197,0.524159,0.1,0.0524159,0.833509,-3.14482e-12,0.833509,1815.96,0.5,0.995219,0,0.19088,0.199661,0.0852431,true
22,64,0.0522406,0.000814559,0.51426,0.1,0.051426,0.823354,-1.33338e-11,0.823354,1798.73,0.5,0.989278,0,0.191008,0.19413,0.0859339,true
23,64,0.0510354,0.000792852,0.502425,0.1,0.0502425,0.815071,2.4059e-11,0.815071,1777.92,0.5,0.994832,0,0.191066,0.189159,0.0867247,true
24,64,0.0495874,0.000747311,0.488401,0.1,0.0488401,0.804373,-1.54273e-11,0.804373,1752.93,0.5,0.996684,0,0.191092,0.180722,0.0814748,true
25,64,0.0483733,0.000722644,0.476507,0.1,0.0476507,0.796859,-4.6322e-12,0.796859,1731.45,0.5,0.997274,0,0.190837,0.176755,0.0787875,true
26,64,0.0471786,0.000725631,0.46453,0.1,0.046453,0.78188,-5.46322e-12,0.78188,1709.55,0.5,0.993998,0,0.191748,0.174036,0.0804957,true
27,64,0.0462161,0.000708875,0.455072,0.1,0.0455072,0.775226,2.20486e-11,0.775226,1692.06,0.5,0.997314,0,0.191345,0.170393,0.0818885,true
28,64,0.0447569,0.000672095,0.440848,0.1,0.0440848,0.763123,-1.88613e-11,0.763123,1665.41,0.5,0.997803,0,0.19184,0.163068,0.076326,true
29,64,0.0436041,0.000655229,0.429488,0.1,0.0429488,0.753391,-1.68766e-11,0.753391,1643.81,0.5,0.997437,0,0.191909,0.159552,0.0741898,true
30,64,0.0427806,0.000658564,0.421221,0.1,0.0421221,0.74317,1.58303e-12,0.74317,1627.91,0.5,0.99646,0,0.192028,0.158281,0.076262,true
31,64,0.0418442,0.000651865,0.411923,0.1,0.0411923,0.735121,-2.68156e-13,0.735121,1609.84,0.5,0.997864,0,0.191786,0.156931,0.078531,true
32,64,0.0404735,0.000622476,0.398511,0.1,0.0398511,0.722367,-2.63415e-12,0.722367,1583.42,0.5,0.998149,0,0.192366,0.150513,0.0729881,true
33,64,0.0394677,0.000618239,0.388494,0.1,0.0388494,0.71284,-2.30522e-11,0.71284,1563.39,0.5,0.997152,0,0.192494,0.149506,0.0719918,true
34,64,0.0388426,0.000624054,0.382185,0.1,0.0382185,0.705757,-3.98552e-12,0.705757,1550.65,0.5,0.996846,0,0.191754,0.149731,0.0741116,true
35,64,0.0377527,0.000617355,0.371354,0.1,0.0371354,0.691878,1.22282e-11,0.691878,1528.51,0.5,0.998352,0,0.192803,0.148024,0.0761953,true
36,64,0.0366249,0.000601372,0.360235,0.1,0.0360235,0.680371,-9.36151e-12,0.680371,1505.46,0.5,0.997192,0,0.192899,0.144012,0.0711255,true
37,64,0.0356345,0.000597319,0.350372,0.1,0.0350372,0.671626,-4.43634e-12,0.671626,1484.71,0.5,0.996969,0,0.192803,0.142679,0.0701849,true
38,64,0.0347826,0.000605656,0.341769,0.1,0.0341769,0.6579,1.62453e-12,0.6579,1466.37,0.5,0.997091,0,0.193564,0.143532,0.0722105,true
39,64,0.0338465,0.000599909,0.332466,0.1,0.0332466,0.644215,4.39304e-12,0.644215,1446.27,0.5,0.997782,0,0.193998,0.142888,0.0748033,true
40,64,0.0328183,0.000591564,0.322267,0.1,0.0322267,0.634162,-2.66426e-11,0.634162,1423.91,0.5,0.996948,0,0.193933,0.140421,0.0702245,true
41,64,0.0321652,0.000594537,0.315707,0.1,0.0315707,0.628592,8.01592e-12,0.628592,1409.35,0.5,0.995687,0,0.193346,0.140411,0.0697578,true
42,64,0.0313163,0.000599103,0.307172,0.1,0.0307172,0.614564,-1.43896e-12,0.614564,1390.17,0.5,0.997518,0,0.194063,0.141346,0.0714357,true
43,64,0.0303759,0.000596823,0.297791,0.1,0.0297791,0.598755,9.46188e-12,0.598755,1368.77,0.5,0.997172,0,0.194764,0.141492,0.0738868,true
44,64,0.0294986,0.000593884,0.289047,0.1,0.0289047,0.590625,-3.10018e-11,0.590625,1348.53,0.5,0.996216,0,0.194347,0.140379,0.0698968,true
45,64,0.0286457,0.000601272,0.280444,0.1,0.0280444,0.580095,-2.34326e-11,0.580095,1328.31,0.5,0.994527,0,0.194598,0.140787,0.0699123,true
46,64,0.0280365,0.000604569,0.274319,0.1,0.0274319,0.56957,3.02549e-11,0.56957,1313.72,0.5,0.996663,0,0.194597,0.142264,0.0710351,true
47,64,0.0272831,0.000599238,0.266839,0.1,0.0266839,0.557238,1.36635e-11,0.557238,1295.69,0.5,0.997396,0,0.194705,0.142384,0.0736909,true
48,64,0.0263774,0.000603665,0.257738,0.1,0.0257738,0.545489,1.14038e-11,0.545489,1273.4,0.5,0.995829,0,0.194922,0.142083,0.0698226,true
49,64,0.0254978,0.000617177,0.248806,0.1,0.0248806,0.533306,-7.01879e-12,0.533306,1251.14,0.5,0.994283,0,0.195338,0.143298,0.070496,true
50,64,0.0250194,0.000618664,0.244007,0.1,0.0244007,0.523368,-3.37937e-12,0.523368,1239.02,0.5,0.996216,0,0.195036,0.145248,0.0711483,true
51,64,0.0243892,0.000612256,0.237769,0.1,0.0237769,0.512001,3.02528e-12,0.512001,1223.08,0.5,0.996846,0,0.194926,0.14545,0.0737239,true
52,64,0.0232791,0.000619931,0.226592,0.1,0.0226592,0.496142,5.21509e-12,0.496142,1193.98,0.5,0.99526,0,0.195761,0.14558,0.0704725,true
53,64,0.022664,0.000636073,0.220279,0.1,0.0220279,0.487545,-5.926e-13,0.487545,1177.23,0.5,0.993978,0,0.195427,0.147555,0.0715801,true
54,64,0.0221579,0.000632352,0.215256,0.1,0.0215256,0.474802,3.36057e-12,0.474802,1163.73,0.5,0.995972,0,0.195699,0.148329,0.0718184,true
55,64,0.021424,0.000626783,0.207972,0.1,0.0207972,0.4608,4.53963e-12,0.4608,1143.87,0.5,0.996277,0,0.196104,0.148318,0.073695,true
56,64,0.0205963,0.000637111,0.199591,0.1,0.0199591,0.450081,-2.46267e-11,0.450081,1120.59,0.5,0.994995,0,0.195999,0.149798,0.0713019,true
57,64,0.0200191,0.0006611,0.19358,0.1,0.019358,0.439788,-4.16467e-12,0.439788,1103.59,0.5,0.99294,0,0.195625,0.152971,0.0731106,true
58,64,0.0194033,0.000655972,0.187474,0.1,0.0187474,0.423596,-3.11973e-13,0.423596,1086.04,0.5,0.995076,0,0.196354,0.153581,0.0723305,true
59,64,0.0188753,0.000643488,0.182318,0.1,0.0182318,0.411444,3.44128e-12,0.411444,1071,0.5,0.996399,0,0.196101,0.152267,0.0744777,true
60,64,0.0182439,0.000661339,0.175826,0.1,0.0175826,0.404037,4.25956e-13,0.404037,1051.76,0.5,0.994141,0,0.195415,0.155431,0.0729578,true
61,64,0.0174429,0.00067721,0.167656,0.1,0.0167656,0.388908,1.94195e-11,0.388908,1027.04,0.5,0.992818,0,0.196162,0.157157,0.074046,true
62,64,0.0169555,0.000669797,0.162857,0.1,0.0162857,0.374263,-5.75488e-12,0.374263,1012.23,0.5,0.995341,0,0.196251,0.157502,0.0730671,true
63,64,0.0163478,0.000658737,0.15689,0.1,0.015689,0.357719,1.79112e-11,0.357719,993.514,0.5,0.996928,0,0.196719,0.156237,0.0751346,true
64,64,0.0156431,0.000678659,0.149645,0.1,0.0149645,0.346189,1.68264e-11,0.346189,970.301,0.5,0.993652,0,0.196583,0.159369,0.073918,true
65,64,0.0150392,0.000699033,0.143402,0.1,0.0143402,0.333463,3.50412e-12,0.333463,949.845,0.5,0.992554,0,0.196491,0.161969,0.0755351,true
66,64,0.014755,0.000686028,0.140689,0.1,0.0140689,0.321244,4.71889e-12,0.321244,940.82,0.5,0.995321,0,0.196333,0.161773,0.0740667,true
67,64,0.0142176,0.000674909,0.135427,0.1,0.0135427,0.304898,-9.15464e-12,0.304898,923.055,0.5,0.996948,0,0.196353,0.160529,0.075871,true
68,64,0.0134836,0.000691209,0.127924,0.1,0.0127924,0.292251,-1.22843e-11,0.292251,897.122,0.5,0.994609,0,0.196342,0.163038,0.0749533,true
69,64,0.012979,0.000715675,0.122633,0.1,0.0122633,0.27772,-4.39863e-12,0.27772,878.374,0.5,0.99292,0,0.196557,0.166766,0.0770193,true
70,64,0.0127273,0.000702911,0.120244,0.1,0.0120244,0.265366,-3.09026e-11,0.265366,869.775,0.5,0.995341,0,0.196122,0.166117,0.075356,true
71,64,0.0121545,0.000686863,0.114676,0.1,0.0114676,0.245251,8.69527e-13,0.245251,849.4,0.5,0.997111,0,0.196797,0.163532,0.0766214,true
72,64,0.0116436,0.000706842,0.109367,0.1,0.0109367,0.231995,-2.44534e-12,0.231995,829.506,0.5,0.994487,0,0.19635,0.167189,0.0764956,true
73,64,0.011114,0.000722924,0.103911,0.1,0.0103911,0.215613,1.40146e-11,0.215613,808.548,0.5,0.994059,0,0.196631,0.169704,0.078203,true
74,64,0.0109592,0.000710558,0.102486,0.1,0.0102486,0.205363,-7.08411e-12,0.205363,802.987,0.5,0.99589,0,0.19585,0.169082,0.0762479,true
75,64,0.0105515,0.000689086,0.0986245,0.1,0.00986245,0.18355,-1.74847e-11,0.18355,787.713,0.5,0.997925,0,0.196603,0.165108,0.0771814,true
76,64,0.0100612,0.000710739,0.0935044,0.1,0.00935044,0.166859,2.39175e-12,0.166859,766.993,0.5,0.995483,0,0.196462,0.169166,0.0773,true
77,64,0.00978064,0.000734774,0.0904587,0.1,0.00904587,0.152576,-1.1347e-11,0.152576,754.398,0.5,0.994059,0,0.195985,0.173224,0.0797577,true
78,64,0.00965323,0.000710783,0.0894244,0.1,0.00894244,0.135417,-1.59109e-11,0.135417,750.073,0.5,0.99705,0,0.195921,0.16999,0.0772888,true
79,64,0.00941704,0.000686339,0.087307,0.1,0.0087307,0.114628,9.72903e-12,0.114628,741.14,0.484842,0.998311,0,0.196355,0.165104,0.077521,true
80,64,0.00920869,0.00070224,0.0850645,0.1,0.00850645,0.104056,-1.61621e-11,0.104056,731.56,0.301741,0.996928,0,0.195494,0.168723,0.0776486,true
81,64,0.00906549,0.000710661,0.0835483,0.1,0.00835483,0.0854359,-2.26134e-12,0.0854359,725.01,0.441734,0.996175,0,0.195479,0.169155,0.0790081,true
82,64,0.00912328,0.000682576,0.0844071,0.1,0.00844071,0.0724572,-5.93348e-12,0.0724572,728.727,0.5,0.997925,0,0.19502,0.164438,0.0766707,true
83,64,0.00883107,0.000649245,0.0818182,0.1,0.00818182,0.0635962,-7.97636e-12,0.0635962,717.465,0.5,0.999084,0,0.194995,0.1575,0.0767208,true
84,64,0.00863696,0.000655227,0.0798174,0.1,0.00798174,0.0580863,-2.93299e-12,0.0580863,708.638,0.5,0.99821,0,0.194811,0.15813,0.0759651,true
85,64,0.00847573,0.000659331,0.078164,0.1,0.0078164,0.0548142,1.0454e-11,0.0548142,701.26,0.5,0.998372,0,0.194716,0.157925,0.0767353,true
86,64,0.00842421,0.000634456,0.0778975,0.1,0.00778975,0.0560235,-3.1148e-12,0.0560235,700.063,0.5,0.999349,0,0.194186,0.153297,0.0746741,true
87,64,0.00800123,0.000605927,0.0739531,0.1,0.00739531,0.0588718,1.93333e-11,0.0588718,682.109,0.5,0.999552,0,0.194041,0.147264,0.0748495,true
88,64,0.00764801,0.000607452,0.0704056,0.1,0.00704056,0.066687,9.08081e-12,0.066687,665.548,0.5,0.99943,0,0.193644,0.147423,0.0736628,true
89,64,0.00737192,0.000608668,0.0676325,0.1,0.00676325,0.0652492,2.19145e-11,0.0652492,652.309,0.5,0.99941,0,0.194164,0.145807,0.0738324,true
90,64,0.0072569,0.000583457,0.0667344,0.1,0.00667344,0.0781047,1.07877e-11,0.0781047,647.963,0.287351,0.999736,0,0.193683,0.14078,0.0717872,true
91,64,0.00698013,0.000559192,0.0642094,0.1,0.00642094,0.0884806,3.6412e-12,0.0884806,635.587,0.289529,0.999878,0,0.193222,0.135794,0.0725177,true
92,64,0.00667784,0.000553669,0.0612417,0.1,0.00612417,0.0965408,1.22976e-11,0.0965408,620.725,0.37965,0.999797,0,0.192645,0.133948,0.0704598,true
93,64,0.00654937,0.000550273,0.059991,0.1,0.0059991,0.0987521,-5.19973e-12,0.0987521,614.354,0.433021,0.999858,0,0.192825,0.131701,0.0700372,true
94,64,0.00641502,0.000534781,0.0588024,0.1,0.00588024,0.103035,-4.22666e-12,0.103035,608.237,0.5,0.999939,0,0.192515,0.128853,0.0684979,true
95,64,0.00627234,0.000516406,0.0575593,0.1,0.00575593,0.104369,1.14706e-11,0.104369,601.774,0.5,0.999939,0,0.192372,0.124493,0.0694918,true
96,64,0.00608048,0.000510338,0.0557014,0.1,0.00557014,0.107007,-6.74002e-12,0.107007,591.982,0.5,0.999959,0,0.192083,0.122433,0.0675372,true
97,64,0.00593028,0.000507007,0.0542327,0.1,0.00542327,0.105729,-1.28797e-11,0.105729,584.125,0.5,0.99998,0,0.191865,0.120811,0.0666404,true
98,64,0.00578871,0.000499723,0.0528899,0.1,0.00528899,0.0966085,-6.42027e-12,0.0966085,576.849,0.5,0.99998,0,0.192003,0.119428,0.0661644,true
99,64,0.00565275,0.000483307,0.0516945,0.1,0.00516945,0.0990257,-2.56043e-12,0.0990257,570.292,0.5,0.99998,0,0.191253,0.115761,0.0671431,true
100,64,0.0054085,0.000480313,0.0492819,0.1,0.00492819,0.0947079,3.99547e-12,0.0947079,556.826,0.5,1,0,0.191397,0.114644,0.0649396,true
101,64,0.00529223,0.00047851,0.0481372,0.1,0.00481372,0.0892712,-1.15321e-11,0.0892712,550.321,0.44083,1,0,0.190894,0.11373,0.0643912,true
102,64,0.00519981,0.000473591,0.0472622,0.1,0.00472622,0.0837136,4.47864e-11,0.0837136,545.296,0.390078,1,0,0.190559,0.112845,0.0642449,true
103,64,0.00506164,0.000461457,0.0460018,0.1,0.00460018,0.0832226,-7.98058e-12,0.0832226,537.976,0.355007,1,0,0.19011,0.110206,0.065535,true
104,64,0.00488852,0.000454297,0.0443422,0.1,0.00443422,0.0766098,-3.72036e-12,0.0766098,528.183,0.280657,0.99998,0,0.189911,0.108153,0.0629338,true
105,64,0.0047321,0.000453783,0.0427832,0.1,0.00427832,0.0657017,-3.46877e-11,0.0657017,518.815,0.223296,0.99998,0,0.190039,0.107263,0.062034,true
106,64,0.00471077,0.000451512,0.0425926,0.1,0.00425926,0.0611152,9.7522e-12,0.0611152,517.658,0.224433,0.999939,0,0.189927,0.106925,0.0619987,true
107,64,0.00459712,0.000443864,0.0415326,0.1,0.00415326,0.0531722,6.38365e-12,0.0531722,511.175,0.234994,0.99998,0,0.190327,0.10495,0.0632415,true
108,64,0.00445352,0.000437135,0.0401639,0.1,0.00401639,0.0518634,-2.33773e-11,0.0518634,502.682,0.262069,0.99998,0,0.189829,0.103112,0.0607282,true
109,64,0.0043456,0.000434713,0.0391089,0.1,0.00391089,0.0563912,-4.40357e-12,0.0563912,496.036,0.240984,0.99998,0,0.188843,0.102704,0.06003,true
110,64,0.00429813,0.000435135,0.0386299,0.1,0.00386299,0.0530836,-1.92063e-11,0.0530836,492.989,0.23276,0.999959,0,0.189042,0.102696,0.059902,true
111,64,0.00419213,0.000426233,0.037659,0.1,0.0037659,0.0533102,-1.4145e-11,0.0533102,486.754,0.215735,1,0,0.189098,0.100169,0.0608211,true
112,64,0.00407651,0.000421998,0.0365451,0.1,0.00365451,0.052751,-4.05925e-12,0.052751,479.502,0.208996,0.99998,0,0.188678,0.0990057,0.0584689,true
113,64,0.00399411,0.000421834,0.0357228,0.1,0.00357228,0.0487085,2.19863e-12,0.0487085,474.076,0.22434,0.99998,0,0.188769,0.0989525,0.0578068,true
114,64,0.00394267,0.000422939,0.0351973,0.1,0.00351973,0.0519563,-5.71761e-12,0.0519563,470.577,0.201412,1,0,0.188661,0.0989937,0.0578976,true
115,64,0.00387785,0.000417254,0.034606,0.1,0.0034606,0.050802,-1.18652e-11,0.050802,466.607,0.205888,0.999959,0,0.188813,0.0973994,0.0586302,true
116,64,0.0037158,0.0004128,0.03303,0.1,0.003303,0.0511932,-6.25143e-12,0.0511932,455.858,0.213459,0.99998,0,0.188498,0.0961357,0.0567305,true
117,64,0.00367291,0.000413108,0.032598,0.1,0.0032598,0.049293,2.6941e-11,0.049293,452.867,0.216116,0.99998,0,0.18869,0.0961456,0.0560904,true
118,64,0.00364253,0.00041508,0.0322745,0.1,0.00322745,0.0498781,-2.93794e-11,0.0498781,450.615,0.238367,1,0,0.188519,0.0963197,0.0562957,true
119,64,0.00360413,0.00040961,0.0319452,0.1,0.00319452,0.0518972,-6.91628e-12,0.0518972,448.31,0.253492,0.999898,0,0.188414,0.0947765,0.0570893,true
120,64,0.00346439,0.000406437,0.0305795,0.1,0.00305795,0.0489991,-1.8872e-11,0.0489991,438.622,0.249881,0.99998,0,0.188412,0.0938791,0.0550187,true
121,64,0.00339628,0.000404442,0.0299184,0.1,0.00299184,0.0500651,-5.93636e-12,0.0500651,433.855,0.247439,0.99998,0,0.187917,0.0938447,0.0546088,true
122,64,0.00340014,0.000409651,0.0299049,0.1,0.00299049,0.0475619,-1.70252e-11,0.0475619,433.757,0.249554,0.999959,0,0.188078,0.0948236,0.0552767,true
123,64,0.00335372,0.000403028,0.0295069,0.1,0.00295069,0.0503796,3.1967e-12,0.0503796,430.861,0.260391,0.999959,0,0.187624,0.0930783,0.0558131,true
124,64,0.00327001,0.000400379,0.0286963,0.1,0.00286963,0.0469619,-2.4265e-12,0.0469619,424.902,0.239919,0.99998,0,0.187679,0.0922515,0.053847,true
125,64,0.00318515,0.000400152,0.02785,0.1,0.002785,0.0439856,-1.71407e-11,0.0439856,418.589,0.218398,1,0,0.187527,0.0927616,0.053877,true
126,64,0.00317868,0.000403383,0.0277529,0.1,0.00277529,0.0375634,-1.37367e-11,0.0375634,417.859,0.180412,0.999919,0,0.187968,0.0924342,0.0540116,true
127,64,0.00315313,0.000398965,0.0275416,0.1,0.00275416,0.0421343,-1.88374e-11,0.0421343,416.265,0.207887,0.999919,0,0.187354,0.0916495,0.0548682,true
128,64,0.00305381,0.000395513,0.026583,0.1,0.0026583,0.0373163,6.46413e-12,0.0373163,408.957,0.185123,0.999939,0,0.187498,0.0903384,0.0530462,true
129,64,0.00298466,0.000395813,0.0258884,0.1,0.00258884,0.0350331,2.32447e-11,0.0350331,403.579,0.161984,0.999919,0,0.187204,0.0911003,0.0531912,true
130,64,0.00297651,0.000400044,0.0257646,0.1,0.00257646,0.0334793,1.35681e-11,0.0334793,402.613,0.163098,0.999939,0,0.187449,0.0918278,0.0537892,true
131,64,0.00294934,0.000396273,0.0255307,0.1,0.00255307,0.0305486,-1.8648e-11,0.0305486,400.781,0.150433,0.999939,0,0.187525,0.0901875,0.053803,true
132,64,0.00289055,0.000392029,0.0249852,0.1,0.00249852,0.0335415,2.05253e-11,0.0335415,396.476,0.154794,1,0,0.186805,0.0898533,0.0526595,true
133,64,0.00283955,0.000392336,0.0244721,0.1,0.00244721,0.030308,2.58241e-11,0.030308,392.384,0.144118,0.99998,0,0.186698,0.0902148,0.0526836,true
134,64,0.00282341,0.000394095,0.0242931,0.1,0.00242931,0.0306259,-1.58796e-11,0.0306259,390.947,0.143842,0.999939,0,0.186856,0.0899536,0.0529659,true
135,64,0.00281418,0.000393421,0.0242076,0.1,0.00242076,0.0218397,-7.5621e-12,0.0218397,390.258,0.141938,0.999919,0,0.187457,0.0892771,0.0534951,true
136,64,0.00275081,0.000391266,0.0235954,0.1,0.00235954,0.022417,-1.03835e-11,0.022417,385.292,0.134712,0.999939,0,0.187359,0.0886856,0.0520557,true
137,64,0.00269635,0.000390548,0.023058,0.1,0.0023058,0.0245827,-9.80466e-12,0.0245827,380.879,0.133344,0.99998,0,0.186934,0.0892877,0.052183,true
138,64,0.00271175,0.000393883,0.0231787,0.1,0.00231787,0.0258007,-4.90804e-12,0.0258007,381.874,0.130281,0.999939,0,0.186914,0.0896845,0.0526129,true
139,64,0.00270678,0.00039194,0.0231484,0.1,0.00231484,0.0272821,2.02347e-11,0.0272821,381.624,0.134362,0.99998,0,0.186885,0.0888759,0.0531914,true
140,64,0.00261354,0.000387623,0.0222592,0.1,0.00222592,0.0263817,1.10892e-11,0.0263817,374.223,0.128002,0.999959,0,0.186747,0.0875876,0.0516148,true
141,64,0.00258891,0.000392264,0.0219665,0.1,0.00219665,0.0195642,-2.59009e-11,0.0195642,371.754,0.124992,0.99998,0,0.18708,0.0894167,0.0523809,true
142,64,0.00258983,0.000391748,0.0219808,0.1,0.00219808,0.0237218,2.99292e-11,0.0237218,371.875,0.125677,0.999898,0,0.186901,0.0886256,0.0525175,true
143,64,0.00257725,0.000392632,0.0218462,0.1,0.00218462,0.0199354,-1.46452e-11,0.0199354,370.735,0.116801,0.999959,0,0.187347,0.088267,0.0526798,true
144,64,0.00253266,0.000385714,0.0214695,0.1,0.00214695,0.03035,-1.00425e-11,0.03035,367.524,0.1442,0.999959,0,0.186391,0.0872483,0.0512424,true
145,64,0.0024687,0.000387148,0.0208155,0.1,0.00208155,0.0243642,-6.99966e-12,0.0243642,361.883,0.119042,0.999959,0,0.186692,0.08786,0.0515957,true
146,64,0.00252068,0.000391556,0.0212912,0.1,0.00212912,0.0244422,2.96942e-12,0.0244422,365.996,0.12427,0.999939,0,0.186794,0.0883634,0.0523095,true
147,64,0.00249656,0.000390604,0.0210596,0.1,0.00210596,0.0239192,2.44743e-11,0.0239192,363.999,0.120781,0.999919,0,0.186699,0.0879072,0.0527131,true
148,64,0.00243701,0.000384227,0.0205278,0.1,0.00205278,0.0290068,1.08627e-11,0.0290068,359.374,0.142001,0.99998,0,0.186233,0.0862347,0.0511067,true
149,64,0.0023786,0.000387268,0.0199134,0.1,0.00199134,0.0185644,6.03099e-12,0.0185644,353.955,0.107105,0.99998,0,0.186992,0.087172,0.051428,true
150,64,0.00243477,0.000390425,0.0204435,0.1,0.00204435,0.025257,4.63357e-12,0.025257,358.635,0.125079,0.999878,0,0.186457,0.0878117,0.0522309,true
151,64,0.00242275,0.000389306,0.0203344,0.1,0.00203344,0.022154,2.89584e-11,0.022154,357.677,0.116794,0.999959,0,0.186874,0.0868957,0.0521948,true
152,64,0.00234181,0.000384701,0.0195711,0.1,0.00195711,0.0229374,-2.22959e-11,0.0229374,350.9,0.11926,0.999959,0,0.186523,0.0861087,0.0508892,true
153,64,0.00233993,0.000384572,0.0195535,0.1,0.00195535,0.0254185,-3.76199e-12,0.0254185,350.742,0.121424,1,0,0.186194,0.0867924,0.0512188,true
154,64,0.00237145,0.00038967,0.0198178,0.1,0.00198178,0.0271001,-1.14309e-11,0.0271001,353.105,0.126453,0.999959,0,0.186136,0.0876242,0.0519838,true
155,64,0.00233863,0.000387612,0.0195102,0.1,0.00195102,0.02218,-6.26941e-12,0.02218,350.353,0.10731,0.999959,0,0.186695,0.0862038,0.0520159,true
156,64,0.00227201,0.000382427,0.0188958,0.1,0.00188958,0.0229536,2.63803e-11,0.0229536,344.793,0.11111,0.999939,0,0.186208,0.0852085,0.0507091,true
157,64,0.00225704,0.000384627,0.0187242,0.1,0.00187242,0.0222711,-7.54879e-12,0.0222711,343.223,0.105218,0.99998,0,0.186285,0.0863838,0.0514283,true
158,64,0.00228894,0.00038941,0.0189952,0.1,0.00189952,0.0186874,1.44373e-12,0.0186874,345.699,0.0942978,0.999919,0,0.186559,0.0868284,0.051976,true
159,64,0.00227427,0.000387066,0.0188721,0.1,0.00188721,0.0153648,1.93069e-11,0.0153648,344.576,0.0897613,0.999959,0,0.186786,0.0857617,0.0518868,true
160,64,0.00221991,0.000382826,0.0183708,0.1,0.00183708,0.0186823,7.28025e-12,0.0186823,339.969,0.0928629,0.99998,0,0.186468,0.0850041,0.0503736,true
161,64,0.00219684,0.000384101,0.0181274,0.1,0.00181274,0.02043,-2.22194e-12,0.02043,337.709,0.0942478,0.999959,0,0.18597,0.0864644,0.0510012,true
162,64,0.00224145,0.000389336,0.0185211,0.1,0.00185211,0.0175945,1.95135e-11,0.0175945,341.357,0.0898184,0.999939,0,0.18627,0.0867705,0.0518186,true
163,64,0.0022335,0.000387405,0.018461,0.1,0.0018461,0.0171324,1.05122e-11,0.0171324,340.803,0.0858978,1,0,0.186364,0.0859776,0.0518065,true
164,64,0.00217641,0.000380496,0.0179591,0.1,0.00179591,0.0187591,1.50696e-12,0.0187591,336.139,0.0909761,0.99998,0,0.186144,0.0841553,0.0502547,true
165,64,0.00213924,0.000381961,0.0175728,0.1,0.00175728,0.0168491,-1.84782e-12,0.0168491,332.503,0.0835553,0.999959,0,0.186207,0.0853785,0.050789,true
166,64,0.00221284,0.000386651,0.0182619,0.1,0.00182619,0.0203751,2.44256e-12,0.0203751,338.96,0.0968936,0.999898,0,0.185911,0.0862362,0.0516767,true
167,64,0.00218995,0.000385466,0.0180449,0.1,0.00180449,0.015361,-1.60002e-11,0.015361,336.94,0.0810043,1,0,0.186551,0.0850357,0.0514766,true
168,64,0.00213842,0.00038223,0.0175619,0.1,0.00175619,0.0141688,1.4706e-11,0.0141688,332.401,0.0785406,1,0,0.186311,0.0843529,0.0503683,true
169,64,0.00210462,0.000380691,0.0172393,0.1,0.00172393,0.0160713,1.87554e-11,0.0160713,329.333,0.0780563,0.99998,0,0.18613,0.0848754,0.0505091,true
170,64,0.00217891,0.000387626,0.0179128,0.1,0.00179128,0.0155275,-1.39888e-11,0.0155275,335.705,0.0781046,0.999959,0,0.186285,0.0858419,0.0514888,true
171,64,0.00215708,0.000384791,0.0177229,0.1,0.00177229,0.0164263,1.08032e-11,0.0164263,333.921,0.0793428,0.999919,0,0.186071,0.0850402,0.0516055,true
172,64,0.00211137,0.000380071,0.017313,0.1,0.0017313,0.0160038,-1.33108e-12,0.0160038,330.036,0.0771617,1,0,0.186082,0.0836775,0.0500989,true
173,64,0.00209534,0.000378091,0.0171725,0.1,0.00171725,0.0212213,1.39978e-11,0.0212213,328.694,0.0865824,1,0,0.185616,0.0842043,0.0502004,true
174,64,0.00213719,0.000386501,0.0175069,0.1,0.00175069,0.0176171,4.79901e-12,0.0176171,331.879,0.0795735,0.999898,0,0.186004,0.0856681,0.0513484,true
175,64,0.00213771,0.000385505,0.017522,0.1,0.0017522,0.0160065,2.64881e-12,0.0160065,332.022,0.076674,0.999939,0,0.186121,0.0851604,0.0514204,true
176,64,0.00208385,0.000377595,0.0170626,0.1,0.00170626,0.0179316,1.03229e-11,0.0179316,327.641,0.0787075,1,0,0.185716,0.0830533,0.0496459,true
177,64,0.00205615,0.000381073,0.0167508,0.1,0.00167508,0.0113247,-1.82571e-12,0.0113247,324.634,0.0686627,0.99998,0,0.186329,0.0844803,0.0502911,true
178,64,0.00211184,0.000386057,0.0172578,0.1,0.00172578,0.0127569,-2.41342e-11,0.0127569,329.51,0.0694063,0.999919,0,0.186239,0.0851225,0.0513259,true
179,64,0.00209776,0.000386215,0.0171154,0.1,0.00171154,0.0113777,-4.38536e-12,0.0113777,328.148,0.0667089,1,0,0.186524,0.0848216,0.0514034,true
180,64,0.00207831,0.000377463,0.0170084,0.1,0.00170084,0.0181924,1.24987e-11,0.0181924,327.12,0.0799574,1,0,0.185968,0.0827889,0.0496599,true
181,64,0.00202743,0.000378185,0.0164924,0.1,0.00164924,0.0164304,-2.33613e-12,0.0164304,322.12,0.0738767,1,0,0.185654,0.0838057,0.0503397,true
182,64,0.00209279,0.000385412,0.0170738,0.1,0.00170738,0.0152197,-4.92443e-12,0.0152197,327.748,0.0728296,0.999959,0,0.185944,0.0851508,0.0511198,true
183,64,0.00208877,0.000382283,0.0170649,0.1,0.00170649,0.0192521,-4.24299e-12,0.0192521,327.663,0.0894401,0.99998,0,0.18573,0.0841581,0.0511182,true
184,64,0.00203053,0.000379279,0.0165125,0.1,0.00165125,0.00668312,-2.11736e-12,0.00668312,322.316,0.0652112,0.99998,0,0.186592,0.0825168,0.0495491,true
185,64,0.00204367,0.000377515,0.0166616,0.1,0.00166616,0.0150769,-1.21429e-11,0.0150769,323.768,0.0670812,1,0,0.185791,0.0834898,0.0495686,true
186,64,0.00207619,0.000383838,0.0169235,0.1,0.00169235,0.0116945,5.95198e-12,0.0116945,326.303,0.0646372,0.999837,0,0.18608,0.0845568,0.0509779,true
187,64,0.00208853,0.000384093,0.0170444,0.1,0.00170444,0.0144017,-8.81425e-13,0.0144017,327.466,0.0669636,0.99998,0,0.186067,0.0844157,0.0512038,true
188,64,0.00202203,0.000375623,0.016464,0.1,0.0016464,0.0151677,-2.59723e-11,0.0151677,321.843,0.068545,1,0,0.185914,0.0820507,0.0494577,true
189,64,0.00201379,0.000375193,0.0163859,0.1,0.00163859,0.0136872,6.10092e-12,0.0136872,321.078,0.0624102,1,0,0.185918,0.0826782,0.0493,true
190,64,0.00205799,0.00038542,0.0167257,0.1,0.00167257,0.0129167,5.8629e-13,0.0129167,324.39,0.0630878,0.999858,0,0.18586,0.0851344,0.0510211,true
191,64,0.00207516,0.000385188,0.0168997,0.1,0.00168997,0.010589,1.3924e-12,0.010589,326.074,0.0580222,0.99998,0,0.186266,0.0845703,0.0512753,true
192,64,0.00203271,0.000377038,0.0165567,0.1,0.00165567,0.00590554,1.46826e-11,0.00590554,322.748,0.0626432,0.999959,0,0.186444,0.0818398,0.0492213,true
193,64,0.00201671,0.000375591,0.0164112,0.1,0.00164112,0.0149256,1.24283e-11,0.0149256,321.326,0.063966,1,0,0.18573,0.0827468,0.0492553,true
194,64,0.00206809,0.000383164,0.0168493,0.1,0.00168493,0.0123299,-3.09393e-11,0.0123299,325.586,0.0623425,0.999939,0,0.186028,0.084151,0.0507195,true
195,64,0.00205993,0.0003829,0.0167703,0.1,0.00167703,0.0136729,1.96335e-11,0.0136729,324.823,0.0637423,1,0,0.185991,0.0842402,0.0509769,true
196,64,0.00202165,0.000375822,0.0164583,0.1,0.00164583,0.00841658,-4.35263e-12,0.00841658,321.787,0.0545919,0.99998,0,0.186492,0.081596,0.049281,true
197,64,0.0020148,0.00037367,0.0164113,0.1,0.00164113,0.0143527,7.0763e-12,0.0143527,321.326,0.0636818,1,0,0.185664,0.0823074,0.0487815,true
198,64,0.00207568,0.000384913,0.0169077,0.1,0.00169077,0.00984331,1.06204e-11,0.00984331,326.15,0.0572552,0.999939,0,0.186261,0.0843495,0.0507268,true
199,64,0.00206869,0.000386045,0.0168264,0.1,0.00168264,0.00661363,-4.43921e-12,0.00661363,325.365,0.055167,0.99998,0,0.186415,0.0845159,0.0511001,true
